"id","indicative","name","altitude","tmed","tmedunits","tmin","tminunits","tmax","tmaxunits","prec","precunits","hrMedia","hrMediaunits","hrMin","hrMinunits","hrMax","hrMaxunits","presMin","presMinunits","presMax","presMaxunits","velmedia","velmediaunits","racha","rachaunits","sol","solunits","time","insert_date","update_date"
a2fa858d-9235-4682-8132-2403468758af,"2331",BURGOS AEROPUERTO,891.0,3.6,ºC,0.3,ºC,7.0,ºC,0.2,mm,89.0,%,73.0,%,100.0,%,910.9,hPa,918.8,hPa,5.6,m/s,13.1,m/s,3.6,h,2025-11-30 00:00:00.000 +0100,2026-05-29 09:11:28.959 +0200,
"990bd3f9-3680-4484-b3d3-5569fd2ef585","2331",BURGOS AEROPUERTO,891.0,0.5,ºC,-4.4,ºC,5.4,ºC,4.0,mm,89.0,%,75.0,%,100.0,%,912.0,hPa,918.3,hPa,3.3,m/s,10.3,m/s,6.5,h,2025-12-01 00:00:00.000 +0100,2026-05-29 09:11:28.959 +0200,
"3adb9942-b251-4044-a622-a1a216932d76","2331",BURGOS AEROPUERTO,891.0,3.8,ºC,1.4,ºC,6.3,ºC,0.0,mm,87.0,%,74.0,%,98.0,%,909.8,hPa,912.3,hPa,4.2,m/s,10.0,m/s,0.3,h,2025-12-02 00:00:00.000 +0100,2026-05-29 09:11:28.959 +0200,
bf6bf1ec-7548-4906-a976-abb15c2aaafe,"2331",BURGOS AEROPUERTO,891.0,3.5,ºC,0.0,ºC,7.0,ºC,1.4,mm,85.0,%,71.0,%,100.0,%,910.2,hPa,915.4,hPa,3.9,m/s,9.7,m/s,2.3,h,2025-12-03 00:00:00.000 +0100,2026-05-29 09:11:28.959 +0200,
e210c684-4a6b-4232-81cc-fd8dc1aa2d79,"2331",BURGOS AEROPUERTO,891.0,5.6,ºC,3.9,ºC,7.4,ºC,2.6,mm,88.0,%,75.0,%,98.0,%,910.0,hPa,913.9,hPa,7.5,m/s,14.2,m/s,0.0,h,2025-12-04 00:00:00.000 +0100,2026-05-29 09:11:28.959 +0200,
"9895741c-d3aa-42f8-8b36-79f99ffc9d8b","2331",BURGOS AEROPUERTO,891.0,7.4,ºC,4.3,ºC,10.5,ºC,0.2,mm,92.0,%,86.0,%,99.0,%,912.0,hPa,915.2,hPa,5.8,m/s,11.7,m/s,0.0,h,2025-12-05 00:00:00.000 +0100,2026-05-29 09:11:28.959 +0200,
c7c583bc-704b-473f-bc9a-ac2921652f86,"2331",BURGOS AEROPUERTO,891.0,11.0,ºC,9.7,ºC,12.4,ºC,0.8,mm,94.0,%,91.0,%,99.0,%,914.9,hPa,918.9,hPa,6.1,m/s,12.5,m/s,0.1,h,2025-12-06 00:00:00.000 +0100,2026-05-29 09:11:28.959 +0200,
"1a61fd57-4cb3-4c5e-a32b-d838026598a6","2331",BURGOS AEROPUERTO,891.0,9.2,ºC,7.0,ºC,11.4,ºC,0.0,mm,85.0,%,74.0,%,98.0,%,918.4,hPa,920.3,hPa,6.1,m/s,11.9,m/s,0.4,h,2025-12-07 00:00:00.000 +0100,2026-05-29 09:11:28.959 +0200,
"6bf87d6c-2fda-4ba2-9b5d-538d8da4a245","2331",BURGOS AEROPUERTO,891.0,8.5,ºC,5.0,ºC,12.0,ºC,0.0,mm,75.0,%,64.0,%,91.0,%,916.7,hPa,919.5,hPa,4.2,m/s,10.0,m/s,4.6,h,2025-12-08 00:00:00.000 +0100,2026-05-29 09:11:28.959 +0200,
"88f5c6d6-6266-49ed-937c-8216f6ed31e4","2331",BURGOS AEROPUERTO,891.0,9.9,ºC,6.0,ºC,13.8,ºC,2.0,mm,64.0,%,43.0,%,96.0,%,915.1,hPa,917.5,hPa,6.1,m/s,15.6,m/s,2.0,h,2025-12-09 00:00:00.000 +0100,2026-05-29 09:11:28.959 +0200,
"0a4a57a4-3af7-4c0e-a8da-24772c573108","2331",BURGOS AEROPUERTO,891.0,7.5,ºC,6.5,ºC,8.5,ºC,2.4,mm,96.0,%,91.0,%,99.0,%,916.3,hPa,921.6,hPa,3.3,m/s,7.8,m/s,0.0,h,2025-12-10 00:00:00.000 +0100,2026-05-29 09:11:28.959 +0200,
c366dfc1-8ce5-4ddf-a11b-37dba9f7bf1d,"2331",BURGOS AEROPUERTO,891.0,7.2,ºC,2.2,ºC,12.3,ºC,0.4,mm,83.0,%,64.0,%,100.0,%,915.7,hPa,920.8,hPa,3.6,m/s,8.9,m/s,7.0,h,2025-12-11 00:00:00.000 +0100,2026-05-29 09:11:28.959 +0200,
"7c71833a-70d9-4ad6-8cff-fae842e3c820","2331",BURGOS AEROPUERTO,891.0,6.6,ºC,4.9,ºC,8.2,ºC,0.0,mm,94.0,%,77.0,%,100.0,%,914.1,hPa,920.0,hPa,4.2,m/s,8.1,m/s,1.6,h,2025-12-12 00:00:00.000 +0100,2026-05-29 09:11:28.959 +0200,
"8b7f10f2-d069-4dc9-b355-97cd734657e4","2331",BURGOS AEROPUERTO,891.0,6.0,ºC,2.5,ºC,9.5,ºC,0.0,mm,91.0,%,78.0,%,100.0,%,920.0,hPa,923.7,hPa,3.6,m/s,7.8,m/s,7.5,h,2025-12-13 00:00:00.000 +0100,2026-05-29 09:11:28.959 +0200,
b07bf46b-d33d-4655-860a-2b2393606938,"2331",BURGOS AEROPUERTO,891.0,5.0,ºC,-0.4,ºC,10.5,ºC,0.0,mm,92.0,%,75.0,%,100.0,%,915.7,hPa,922.2,hPa,2.2,m/s,6.1,m/s,5.5,h,2025-12-14 00:00:00.000 +0100,2026-05-29 09:11:28.959 +0200,
"7c101400-21b8-466c-a5a4-adaa905bce85","2331",BURGOS AEROPUERTO,891.0,6.0,ºC,0.6,ºC,11.5,ºC,3.4,mm,84.0,%,73.0,%,100.0,%,904.0,hPa,915.7,hPa,3.3,m/s,6.9,m/s,3.4,h,2025-12-15 00:00:00.000 +0100,2026-05-29 09:11:28.959 +0200,
f0cf84da-8406-433f-9174-c1a1c350b3f9,"2331",BURGOS AEROPUERTO,891.0,5.9,ºC,5.1,ºC,6.7,ºC,1.6,mm,99.0,%,94.0,%,100.0,%,902.8,hPa,916.1,hPa,4.7,m/s,9.7,m/s,0.0,h,2025-12-16 00:00:00.000 +0100,2026-05-29 09:11:28.959 +0200,
"0c0d4ca2-296e-4e3c-99bd-7d4cf078d41c","2331",BURGOS AEROPUERTO,891.0,7.6,ºC,2.9,ºC,12.3,ºC,0.0,mm,84.0,%,62.0,%,100.0,%,916.0,hPa,920.2,hPa,2.5,m/s,6.4,m/s,6.8,h,2025-12-17 00:00:00.000 +0100,2026-05-29 09:11:28.959 +0200,
"5190d63c-7ecf-4c51-b514-c9616044b355","2331",BURGOS AEROPUERTO,891.0,8.2,ºC,5.2,ºC,11.1,ºC,2.0,mm,79.0,%,68.0,%,97.0,%,916.1,hPa,920.0,hPa,5.6,m/s,13.1,m/s,4.8,h,2025-12-18 00:00:00.000 +0100,2026-05-29 09:11:28.959 +0200,
"41652f40-fe3b-4966-9d06-fd94523289ab","2331",BURGOS AEROPUERTO,891.0,6.9,ºC,5.5,ºC,8.3,ºC,11.2,mm,97.0,%,82.0,%,99.0,%,914.6,hPa,918.1,hPa,3.3,m/s,7.2,m/s,0.0,h,2025-12-19 00:00:00.000 +0100,2026-05-29 09:11:28.959 +0200,
"4428cee2-f746-4eaf-afef-07c14e341664","2331",BURGOS AEROPUERTO,891.0,6.0,ºC,4.9,ºC,7.0,ºC,8.6,mm,91.0,%,87.0,%,100.0,%,904.7,hPa,914.6,hPa,4.4,m/s,14.2,m/s,0.3,h,2025-12-20 00:00:00.000 +0100,2026-05-29 09:11:28.959 +0200,
"7a2e258d-dc92-4788-a5f7-83673fda713f","2331",BURGOS AEROPUERTO,891.0,2.4,ºC,-0.4,ºC,5.2,ºC,3.4,mm,90.0,%,73.0,%,98.0,%,898.9,hPa,904.8,hPa,5.3,m/s,12.2,m/s,0.7,h,2025-12-21 00:00:00.000 +0100,2026-05-29 09:11:28.959 +0200,
"45cec028-817e-47a3-adf2-0f9c8d47e2cd","2331",BURGOS AEROPUERTO,891.0,1.7,ºC,-0.1,ºC,3.5,ºC,0.0,mm,92.0,%,81.0,%,99.0,%,901.9,hPa,907.8,hPa,4.4,m/s,9.4,m/s,0.1,h,2025-12-22 00:00:00.000 +0100,2026-05-29 09:11:28.959 +0200,
dd0d47c3-c351-4d18-acf8-d02568f8179b,"2331",BURGOS AEROPUERTO,891.0,2.1,ºC,0.7,ºC,3.5,ºC,1.0,mm,93.0,%,83.0,%,100.0,%,906.8,hPa,908.2,hPa,2.8,m/s,6.7,m/s,0.0,h,2025-12-23 00:00:00.000 +0100,2026-05-29 09:11:28.959 +0200,
"3bb9303a-7606-48aa-aae5-bf3fa9ca6280","2331",BURGOS AEROPUERTO,891.0,3.7,ºC,0.6,ºC,6.8,ºC,,mm,93.0,%,88.0,%,100.0,%,907.3,hPa,909.7,hPa,4.7,m/s,11.7,m/s,0.0,h,2025-12-24 00:00:00.000 +0100,2026-05-29 09:11:28.959 +0200,
c085f87f-d5ca-4d42-96ef-b88da310d643,"2331",BURGOS AEROPUERTO,891.0,1.1,ºC,-1.5,ºC,3.7,ºC,0.0,mm,76.0,%,54.0,%,96.0,%,907.5,hPa,910.0,hPa,3.9,m/s,12.5,m/s,6.6,h,2025-12-25 00:00:00.000 +0100,2026-05-29 09:11:28.959 +0200,
"2e77ba89-85b2-458f-9910-e42452c88bfc","2331",BURGOS AEROPUERTO,891.0,2.0,ºC,-1.8,ºC,5.9,ºC,0.8,mm,86.0,%,71.0,%,98.0,%,909.6,hPa,913.1,hPa,2.8,m/s,6.4,m/s,1.3,h,2025-12-26 00:00:00.000 +0100,2026-05-29 09:11:28.959 +0200,
"6b34b925-a8c2-4d91-b4a4-4d146a804040","2331",BURGOS AEROPUERTO,891.0,4.8,ºC,2.0,ºC,7.7,ºC,0.4,mm,97.0,%,87.0,%,100.0,%,912.9,hPa,915.2,hPa,3.9,m/s,10.8,m/s,1.9,h,2025-12-27 00:00:00.000 +0100,2026-05-29 09:11:28.959 +0200,
"0b591151-09f8-49de-a800-1838aa7fc87b","2331",BURGOS AEROPUERTO,891.0,4.3,ºC,0.9,ºC,7.7,ºC,0.0,mm,94.0,%,83.0,%,100.0,%,913.4,hPa,916.5,hPa,2.8,m/s,8.6,m/s,3.5,h,2025-12-28 00:00:00.000 +0100,2026-05-29 09:11:28.959 +0200,
dbdca36f-e297-4003-bda8-d71630d54766,"2331",BURGOS AEROPUERTO,891.0,4.7,ºC,-1.6,ºC,11.0,ºC,0.0,mm,86.0,%,64.0,%,100.0,%,915.7,hPa,917.9,hPa,1.1,m/s,3.6,m/s,5.1,h,2025-12-29 00:00:00.000 +0100,2026-05-29 09:11:28.959 +0200,
"3e611e8c-3925-4b23-b16b-17b00cd1b42c","2331",BURGOS AEROPUERTO,891.0,2.4,ºC,-3.1,ºC,8.0,ºC,0.0,mm,89.0,%,79.0,%,100.0,%,917.2,hPa,919.5,hPa,1.9,m/s,5.0,m/s,2.4,h,2025-12-30 00:00:00.000 +0100,2026-05-29 09:11:28.959 +0200,
"4095bc06-ed88-4714-8dca-213fca03e757","2331",BURGOS AEROPUERTO,891.0,1.8,ºC,-3.2,ºC,6.7,ºC,0.0,mm,81.0,%,55.0,%,99.0,%,915.0,hPa,917.6,hPa,2.5,m/s,7.8,m/s,5.7,h,2025-12-31 00:00:00.000 +0100,2026-05-29 09:11:28.959 +0200,
"0e5e6469-949c-4524-b3de-726707e010d9","2331",BURGOS AEROPUERTO,891.0,1.7,ºC,-1.8,ºC,5.2,ºC,0.2,mm,89.0,%,78.0,%,100.0,%,910.7,hPa,915.4,hPa,4.2,m/s,9.2,m/s,3.0,h,2026-01-01 00:00:00.000 +0100,2026-05-29 09:11:28.959 +0200,
f4f46727-5888-4d5e-9be4-2c920ae0c92f,"2331",BURGOS AEROPUERTO,891.0,6.4,ºC,2.6,ºC,10.3,ºC,0.8,mm,87.0,%,77.0,%,97.0,%,905.8,hPa,910.7,hPa,0.8,m/s,5.3,m/s,0.0,h,2026-01-02 00:00:00.000 +0100,2026-05-29 09:11:28.959 +0200,
"5a4e5106-44f7-4978-a52c-91e51df79bb9","2331",BURGOS AEROPUERTO,891.0,4.3,ºC,0.3,ºC,8.3,ºC,1.4,mm,97.0,%,96.0,%,100.0,%,903.7,hPa,906.1,hPa,3.6,m/s,11.1,m/s,0.0,h,2026-01-03 00:00:00.000 +0100,2026-05-29 09:11:28.959 +0200,
"0b293517-d165-4026-8ff7-4e90d41b64f7","2331",BURGOS AEROPUERTO,891.0,-2.4,ºC,-5.0,ºC,0.3,ºC,0.0,mm,85.0,%,71.0,%,98.0,%,905.0,hPa,909.0,hPa,8.1,m/s,13.3,m/s,0.0,h,2026-01-04 00:00:00.000 +0100,2026-05-29 09:11:28.959 +0200,
c1b96147-1a2f-4902-9151-d6f0a9db4562,"2331",BURGOS AEROPUERTO,891.0,-2.3,ºC,-6.3,ºC,1.7,ºC,0.0,mm,74.0,%,54.0,%,95.0,%,908.4,hPa,911.4,hPa,5.6,m/s,12.5,m/s,3.6,h,2026-01-05 00:00:00.000 +0100,2026-05-29 09:11:28.959 +0200,
"7bd3272a-a657-455d-9d07-e04ae325605e","2331",BURGOS AEROPUERTO,891.0,-2.0,ºC,-6.0,ºC,2.1,ºC,0.0,mm,66.0,%,46.0,%,98.0,%,911.4,hPa,917.4,hPa,5.8,m/s,14.7,m/s,6.5,h,2026-01-06 00:00:00.000 +0100,2026-05-29 09:11:28.959 +0200,
bfe8a2da-9fc6-4857-91b1-fb09e5a5c218,"2331",BURGOS AEROPUERTO,891.0,-1.3,ºC,-4.3,ºC,1.7,ºC,0.0,mm,91.0,%,78.0,%,98.0,%,915.5,hPa,922.7,hPa,3.1,m/s,7.8,m/s,0.0,h,2026-01-07 00:00:00.000 +0100,2026-05-29 09:11:28.959 +0200,
"83c4b635-0832-4366-8597-26852f36ed8b","2331",BURGOS AEROPUERTO,891.0,3.8,ºC,0.7,ºC,7.0,ºC,0.8,mm,98.0,%,88.0,%,100.0,%,916.1,hPa,923.4,hPa,6.4,m/s,15.8,m/s,0.0,h,2026-01-08 00:00:00.000 +0100,2026-05-29 09:11:28.959 +0200,
"9853d6b6-e067-449c-8ce5-21aa70afc6e2","2331",BURGOS AEROPUERTO,891.0,3.9,ºC,-1.0,ºC,8.8,ºC,0.0,mm,69.0,%,60.0,%,98.0,%,914.9,hPa,919.4,hPa,8.3,m/s,18.3,m/s,3.7,h,2026-01-09 00:00:00.000 +0100,2026-05-29 09:11:28.959 +0200,
"0ef3e34e-d0f0-42e0-8e83-5e09cd3ad72f","2331",BURGOS AEROPUERTO,891.0,2.6,ºC,-2.1,ºC,7.3,ºC,0.0,mm,85.0,%,64.0,%,99.0,%,919.4,hPa,923.0,hPa,3.3,m/s,8.9,m/s,6.4,h,2026-01-10 00:00:00.000 +0100,2026-05-29 09:11:28.959 +0200,
b9073f2b-b025-4ffa-977a-1f5823e9f913,"2331",BURGOS AEROPUERTO,891.0,3.1,ºC,-1.2,ºC,7.4,ºC,0.0,mm,97.0,%,91.0,%,99.0,%,919.7,hPa,922.6,hPa,5.3,m/s,9.7,m/s,0.0,h,2026-01-11 00:00:00.000 +0100,2026-05-29 09:11:28.959 +0200,
"8b7937cf-3f8e-40ee-a229-743944149306","2331",BURGOS AEROPUERTO,891.0,7.7,ºC,5.4,ºC,10.0,ºC,0.0,mm,81.0,%,72.0,%,95.0,%,911.4,hPa,919.7,hPa,5.0,m/s,11.9,m/s,1.1,h,2026-01-12 00:00:00.000 +0100,2026-05-29 09:11:28.959 +0200,
"5a182ea0-958a-4c4f-82fe-c67d41d36d93","2331",BURGOS AEROPUERTO,891.0,7.8,ºC,4.5,ºC,11.2,ºC,1.6,mm,72.0,%,55.0,%,86.0,%,907.5,hPa,912.0,hPa,6.7,m/s,17.2,m/s,4.8,h,2026-01-13 00:00:00.000 +0100,2026-05-29 09:11:28.959 +0200,
"404d1bf2-c524-4930-bbd6-8c235629d616","2331",BURGOS AEROPUERTO,891.0,6.5,ºC,5.1,ºC,7.9,ºC,0.2,mm,90.0,%,74.0,%,97.0,%,,hPa,,hPa,2.8,m/s,6.9,m/s,0.1,h,2026-01-14 00:00:00.000 +0100,2026-05-29 09:11:28.959 +0200,
a878df06-5737-4620-9277-417e91bc06d5,"2331",BURGOS AEROPUERTO,891.0,4.4,ºC,2.8,ºC,6.0,ºC,6.6,mm,85.0,%,80.0,%,98.0,%,910.9,hPa,916.6,hPa,6.1,m/s,13.6,m/s,0.0,h,2026-01-15 00:00:00.000 +0100,2026-05-29 09:11:28.959 +0200,
"126ebf91-1f9a-4c42-832b-2b6446e989a0","2331",BURGOS AEROPUERTO,891.0,3.6,ºC,0.9,ºC,6.2,ºC,1.4,mm,93.0,%,79.0,%,100.0,%,907.9,hPa,911.0,hPa,3.1,m/s,8.9,m/s,0.3,h,2026-01-16 00:00:00.000 +0100,2026-05-29 09:11:28.959 +0200,
ebb3e75b-9063-4bec-bafd-393046f98ccb,"2331",BURGOS AEROPUERTO,891.0,2.6,ºC,1.0,ºC,4.1,ºC,1.6,mm,97.0,%,93.0,%,100.0,%,905.1,hPa,908.5,hPa,4.2,m/s,8.6,m/s,0.0,h,2026-01-17 00:00:00.000 +0100,2026-05-29 09:11:28.959 +0200,
"0730fce7-e086-4b2b-a12f-8acbfa658a17","2331",BURGOS AEROPUERTO,891.0,3.2,ºC,1.1,ºC,5.2,ºC,2.8,mm,95.0,%,89.0,%,100.0,%,907.0,hPa,913.9,hPa,2.2,m/s,6.7,m/s,0.0,h,2026-01-18 00:00:00.000 +0100,2026-05-29 09:11:28.959 +0200,
"3f02a48b-6b0c-4b22-b406-9ffe1244a121","2331",BURGOS AEROPUERTO,891.0,2.0,ºC,-2.8,ºC,6.9,ºC,0.0,mm,91.0,%,72.0,%,100.0,%,913.2,hPa,915.9,hPa,1.9,m/s,6.4,m/s,2.8,h,2026-01-19 00:00:00.000 +0100,2026-05-29 09:11:28.959 +0200,
d5c06411-90ae-4cbc-911e-5b375372a8b2,"2331",BURGOS AEROPUERTO,891.0,1.0,ºC,-2.8,ºC,4.7,ºC,,mm,89.0,%,81.0,%,100.0,%,909.8,hPa,915.6,hPa,4.7,m/s,10.6,m/s,1.3,h,2026-01-20 00:00:00.000 +0100,2026-05-29 09:11:28.959 +0200,
ae7f5a98-5983-42b1-88f3-8dcdd781ad13,"2331",BURGOS AEROPUERTO,891.0,5.8,ºC,3.7,ºC,7.8,ºC,6.0,mm,88.0,%,83.0,%,95.0,%,892.2,hPa,909.8,hPa,10.0,m/s,19.7,m/s,0.1,h,2026-01-21 00:00:00.000 +0100,2026-05-29 09:11:28.959 +0200,
"11506f9a-693c-4338-99c2-2a52568f4b83","2331",BURGOS AEROPUERTO,891.0,3.6,ºC,1.1,ºC,6.1,ºC,1.2,mm,86.0,%,72.0,%,97.0,%,893.0,hPa,901.7,hPa,6.4,m/s,17.8,m/s,1.9,h,2026-01-22 00:00:00.000 +0100,2026-05-29 09:11:28.959 +0200,
"385d2c67-19dc-4b33-bdaa-949823f6cd6e","2331",BURGOS AEROPUERTO,891.0,3.0,ºC,0.1,ºC,5.9,ºC,6.8,mm,92.0,%,70.0,%,99.0,%,892.6,hPa,896.0,hPa,5.0,m/s,16.7,m/s,1.7,h,2026-01-23 00:00:00.000 +0100,2026-05-29 09:11:28.959 +0200,
"774a48f3-2b42-4123-b2a6-6b29e11a35fc","2331",BURGOS AEROPUERTO,891.0,1.0,ºC,-1.0,ºC,2.9,ºC,0.4,mm,91.0,%,83.0,%,96.0,%,893.6,hPa,905.6,hPa,6.9,m/s,13.3,m/s,0.1,h,2026-01-24 00:00:00.000 +0100,2026-05-29 09:11:28.959 +0200,
d9f8875e-d36f-48f1-b412-af74eadeb74b,"2331",BURGOS AEROPUERTO,891.0,4.0,ºC,1.1,ºC,7.0,ºC,0.6,mm,88.0,%,70.0,%,99.0,%,899.9,hPa,906.7,hPa,9.2,m/s,24.2,m/s,0.9,h,2026-01-25 00:00:00.000 +0100,2026-05-29 09:11:28.959 +0200,
"536b7131-7337-4819-9650-49829f34dfc7","2331",BURGOS AEROPUERTO,891.0,5.4,ºC,1.3,ºC,9.5,ºC,13.8,mm,95.0,%,84.0,%,99.0,%,898.9,hPa,907.7,hPa,6.1,m/s,18.9,m/s,0.0,h,2026-01-26 00:00:00.000 +0100,2026-05-29 09:11:28.959 +0200,
ce260013-7068-408f-a144-6308fcc520ba,"2331",BURGOS AEROPUERTO,891.0,5.4,ºC,1.2,ºC,9.5,ºC,3.6,mm,86.0,%,72.0,%,96.0,%,893.2,hPa,898.9,hPa,7.8,m/s,20.3,m/s,0.1,h,2026-01-27 00:00:00.000 +0100,2026-05-29 09:11:28.959 +0200,
"58e898eb-9b60-480b-8163-981791c0381f","2331",BURGOS AEROPUERTO,891.0,1.8,ºC,0.0,ºC,3.7,ºC,6.0,mm,92.0,%,82.0,%,99.0,%,891.4,hPa,900.6,hPa,4.7,m/s,12.2,m/s,0.0,h,2026-01-28 00:00:00.000 +0100,2026-05-29 09:11:28.959 +0200,
"241e8942-2abd-42e5-a58f-ead7020afc16","2331",BURGOS AEROPUERTO,891.0,6.0,ºC,2.1,ºC,10.0,ºC,,mm,91.0,%,73.0,%,100.0,%,897.5,hPa,905.4,hPa,6.7,m/s,18.3,m/s,1.0,h,2026-01-29 00:00:00.000 +0100,2026-05-29 09:11:28.959 +0200,
"15883ccd-7a9f-4857-887c-19a8e450b7b7","2331",BURGOS AEROPUERTO,891.0,3.4,ºC,0.6,ºC,6.1,ºC,8.0,mm,93.0,%,82.0,%,96.0,%,897.1,hPa,906.2,hPa,5.8,m/s,17.8,m/s,0.3,h,2026-01-30 00:00:00.000 +0100,2026-05-29 09:11:28.959 +0200,
"52feedde-42fe-4c0f-8328-bb9109c3d816","2331",BURGOS AEROPUERTO,891.0,4.9,ºC,0.5,ºC,9.3,ºC,,mm,81.0,%,59.0,%,93.0,%,901.4,hPa,913.6,hPa,6.4,m/s,15.0,m/s,3.5,h,2026-01-31 00:00:00.000 +0100,2026-05-29 09:11:28.959 +0200,
"8976f17b-6e49-4550-a72a-2ada10073f51","2331",BURGOS AEROPUERTO,891.0,5.8,ºC,3.6,ºC,8.0,ºC,6.8,mm,94.0,%,88.0,%,99.0,%,899.8,hPa,913.0,hPa,4.7,m/s,10.6,m/s,0.0,h,2026-02-01 00:00:00.000 +0100,2026-05-29 09:11:28.959 +0200,
"83ee035c-33a1-4607-a3a2-9ac1065b960d","2331",BURGOS AEROPUERTO,891.0,5.6,ºC,2.5,ºC,8.6,ºC,5.4,mm,89.0,%,73.0,%,97.0,%,890.3,hPa,899.8,hPa,7.2,m/s,18.6,m/s,1.5,h,2026-02-02 00:00:00.000 +0100,2026-05-29 09:11:28.959 +0200,
"6fb299b7-30f5-4fb0-8252-0a2f8b283af0","2331",BURGOS AEROPUERTO,891.0,4.6,ºC,2.0,ºC,7.2,ºC,3.6,mm,88.0,%,70.0,%,96.0,%,892.5,hPa,898.2,hPa,5.0,m/s,13.6,m/s,2.0,h,2026-02-03 00:00:00.000 +0100,2026-05-29 09:11:28.959 +0200,
"0764460f-00be-453b-82f1-8cc365b3f8fb","2331",BURGOS AEROPUERTO,891.0,6.2,ºC,1.4,ºC,11.0,ºC,6.2,mm,88.0,%,71.0,%,99.0,%,886.9,hPa,893.0,hPa,7.8,m/s,17.8,m/s,0.8,h,2026-02-04 00:00:00.000 +0100,2026-05-29 09:11:28.959 +0200,
acb9d0a2-a041-455c-a1cb-48abe115894e,"2331",BURGOS AEROPUERTO,891.0,7.6,ºC,5.2,ºC,10.1,ºC,7.0,mm,90.0,%,78.0,%,98.0,%,884.1,hPa,894.2,hPa,9.2,m/s,20.3,m/s,0.7,h,2026-02-05 00:00:00.000 +0100,2026-05-29 09:11:28.959 +0200,
c657ed48-f08f-4232-bb75-c4a0869c2801,"2331",BURGOS AEROPUERTO,891.0,5.0,ºC,2.6,ºC,7.5,ºC,3.0,mm,89.0,%,75.0,%,95.0,%,894.2,hPa,902.5,hPa,6.4,m/s,14.7,m/s,1.7,h,2026-02-06 00:00:00.000 +0100,2026-05-29 09:11:28.959 +0200,
fc7093bc-7b63-4466-b5d9-6f99b4a3b00a,"2331",BURGOS AEROPUERTO,891.0,4.2,ºC,2.1,ºC,6.2,ºC,1.4,mm,82.0,%,67.0,%,95.0,%,897.2,hPa,905.5,hPa,8.1,m/s,15.3,m/s,1.3,h,2026-02-07 00:00:00.000 +0100,2026-05-29 09:11:28.959 +0200,
"08aa8f79-3694-4d59-acbe-d6c517cac24b","2331",BURGOS AEROPUERTO,891.0,6.1,ºC,2.9,ºC,9.3,ºC,4.4,mm,85.0,%,56.0,%,100.0,%,897.5,hPa,908.4,hPa,3.3,m/s,11.1,m/s,1.8,h,2026-02-08 00:00:00.000 +0100,2026-05-29 09:11:28.959 +0200,
"117d925f-a37b-4bcd-89ec-2dbcfb715fc5","2331",BURGOS AEROPUERTO,891.0,6.0,ºC,1.3,ºC,10.6,ºC,4.8,mm,98.0,%,94.0,%,100.0,%,903.3,hPa,906.9,hPa,6.1,m/s,13.1,m/s,0.0,h,2026-02-09 00:00:00.000 +0100,2026-05-29 09:11:28.959 +0200,
b1ab91b3-5137-4b17-97b2-cf15df056de1,"2331",BURGOS AEROPUERTO,891.0,11.1,ºC,8.6,ºC,13.6,ºC,0.8,mm,89.0,%,81.0,%,99.0,%,904.0,hPa,908.0,hPa,9.4,m/s,16.9,m/s,0.1,h,2026-02-10 00:00:00.000 +0100,2026-05-29 09:11:28.959 +0200,
"404d71b2-c4d0-4220-84a3-c419ff267514","2331",BURGOS AEROPUERTO,891.0,10.0,ºC,7.3,ºC,12.7,ºC,5.4,mm,94.0,%,75.0,%,98.0,%,900.4,hPa,909.1,hPa,10.0,m/s,23.1,m/s,0.0,h,2026-02-11 00:00:00.000 +0100,2026-05-29 09:11:28.959 +0200,
"6add87fe-1e76-4a7b-bdc4-365cd1e60d9a","2331",BURGOS AEROPUERTO,891.0,6.8,ºC,3.4,ºC,10.3,ºC,10.8,mm,74.0,%,59.0,%,91.0,%,904.7,hPa,911.4,hPa,8.6,m/s,19.7,m/s,6.3,h,2026-02-12 00:00:00.000 +0100,2026-05-29 09:11:28.959 +0200,
b0d13f6f-8d1d-4b48-bf37-c2bd3661aafd,"2331",BURGOS AEROPUERTO,891.0,4.6,ºC,1.6,ºC,7.5,ºC,9.2,mm,92.0,%,79.0,%,98.0,%,889.1,hPa,904.7,hPa,8.6,m/s,18.9,m/s,0.1,h,2026-02-13 00:00:00.000 +0100,2026-05-29 09:11:28.959 +0200,
e145de95-e196-4451-8f20-a741ee68c76e,"2331",BURGOS AEROPUERTO,891.0,1.4,ºC,-2.2,ºC,5.0,ºC,0.2,mm,80.0,%,60.0,%,98.0,%,901.1,hPa,921.7,hPa,5.0,m/s,21.1,m/s,7.2,h,2026-02-14 00:00:00.000 +0100,2026-05-29 09:11:28.959 +0200,
"6a194d1e-475d-4003-870f-f23605e1d2a8","2331",BURGOS AEROPUERTO,891.0,2.5,ºC,-2.7,ºC,7.7,ºC,0.2,mm,86.0,%,82.0,%,97.0,%,918.7,hPa,921.8,hPa,5.3,m/s,13.3,m/s,0.0,h,2026-02-15 00:00:00.000 +0100,2026-05-29 09:11:28.959 +0200,
fa216fd7-dd02-44a5-9efd-379a80fb140c,"2331",BURGOS AEROPUERTO,891.0,8.7,ºC,6.1,ºC,11.3,ºC,0.2,mm,93.0,%,89.0,%,98.0,%,916.8,hPa,919.8,hPa,8.3,m/s,17.5,m/s,0.0,h,2026-02-16 00:00:00.000 +0100,2026-05-29 09:11:28.959 +0200,
"9fa1f347-bec1-4248-9f6b-e1d5b66b577a","2331",BURGOS AEROPUERTO,891.0,10.4,ºC,6.2,ºC,14.5,ºC,0.0,mm,79.0,%,59.0,%,99.0,%,917.2,hPa,921.0,hPa,7.2,m/s,12.5,m/s,4.0,h,2026-02-17 00:00:00.000 +0100,2026-05-29 09:11:28.959 +0200,
e4df9a03-4a2a-4bc7-beaa-f55c66058064,"2331",BURGOS AEROPUERTO,891.0,6.8,ºC,3.2,ºC,10.4,ºC,1.8,mm,81.0,%,68.0,%,95.0,%,905.5,hPa,917.3,hPa,8.1,m/s,19.7,m/s,1.4,h,2026-02-18 00:00:00.000 +0100,2026-05-29 09:11:28.959 +0200,
"55bc8194-e15d-4dc2-b944-e5d657d66f2d","2331",BURGOS AEROPUERTO,891.0,4.2,ºC,-1.2,ºC,9.7,ºC,0.0,mm,68.0,%,47.0,%,95.0,%,910.2,hPa,924.2,hPa,6.7,m/s,15.3,m/s,7.6,h,2026-02-19 00:00:00.000 +0100,2026-05-29 09:11:28.959 +0200,
d96129a5-07a5-4fec-8a8c-b2cdca56b09d,"2331",BURGOS AEROPUERTO,891.0,3.5,ºC,-3.6,ºC,10.6,ºC,0.0,mm,74.0,%,50.0,%,98.0,%,924.2,hPa,927.8,hPa,0.8,m/s,5.3,m/s,9.8,h,2026-02-20 00:00:00.000 +0100,2026-05-29 09:11:28.959 +0200,
dacd08f5-c088-48e4-947a-c82dde3b733e,"2331",BURGOS AEROPUERTO,891.0,5.6,ºC,-3.9,ºC,15.1,ºC,0.0,mm,67.0,%,44.0,%,99.0,%,925.9,hPa,928.2,hPa,2.5,m/s,6.7,m/s,10.2,h,2026-02-21 00:00:00.000 +0100,2026-05-29 09:11:28.959 +0200,
"4f23cfdd-d8e4-44c8-8960-b40051bdae73","2331",BURGOS AEROPUERTO,891.0,7.3,ºC,-1.3,ºC,15.9,ºC,0.0,mm,57.0,%,36.0,%,90.0,%,924.9,hPa,927.6,hPa,1.9,m/s,6.7,m/s,10.5,h,2026-02-22 00:00:00.000 +0100,2026-05-29 09:11:28.959 +0200,
e5a522da-dc83-4e72-9aac-eb7732e3f52b,"2331",BURGOS AEROPUERTO,891.0,8.6,ºC,-2.2,ºC,19.4,ºC,0.0,mm,53.0,%,21.0,%,91.0,%,920.8,hPa,925.8,hPa,1.9,m/s,6.1,m/s,10.1,h,2026-02-23 00:00:00.000 +0100,2026-05-29 09:11:28.959 +0200,
"1d9df1ef-9d95-42d7-8db7-8c076a031a2c","2331",BURGOS AEROPUERTO,891.0,10.6,ºC,1.4,ºC,19.8,ºC,0.0,mm,41.0,%,20.0,%,77.0,%,914.7,hPa,920.8,hPa,3.3,m/s,12.8,m/s,10.4,h,2026-02-24 00:00:00.000 +0100,2026-05-29 09:11:28.959 +0200,
"66bff45c-72ae-4661-a748-19f2162d2a27","2331",BURGOS AEROPUERTO,891.0,11.4,ºC,1.6,ºC,21.1,ºC,0.0,mm,51.0,%,18.0,%,83.0,%,915.3,hPa,920.7,hPa,2.5,m/s,8.3,m/s,9.8,h,2026-02-25 00:00:00.000 +0100,2026-05-29 09:11:28.959 +0200,
"097ac80c-04f4-48ad-93dc-9cebe47ee8c4","2331",BURGOS AEROPUERTO,891.0,10.3,ºC,-0.3,ºC,20.9,ºC,0.0,mm,49.0,%,21.0,%,95.0,%,920.7,hPa,923.8,hPa,2.5,m/s,9.4,m/s,10.4,h,2026-02-26 00:00:00.000 +0100,2026-05-29 09:11:28.959 +0200,
"683ad398-6313-44f5-abd3-0bf8beb15749","2331",BURGOS AEROPUERTO,891.0,9.5,ºC,4.9,ºC,14.1,ºC,0.8,mm,65.0,%,45.0,%,96.0,%,919.2,hPa,921.7,hPa,3.3,m/s,9.7,m/s,4.0,h,2026-02-27 00:00:00.000 +0100,2026-05-29 09:11:28.959 +0200,
f32f3e0b-51f7-4b47-b03f-25244f847610,"2331",BURGOS AEROPUERTO,891.0,5.0,ºC,1.2,ºC,8.9,ºC,0.0,mm,83.0,%,66.0,%,98.0,%,921.0,hPa,923.3,hPa,5.0,m/s,10.6,m/s,4.4,h,2026-02-28 00:00:00.000 +0100,2026-05-29 09:11:28.959 +0200,
cb60dacb-2df1-4956-8662-e1fb5dadd787,"2331",BURGOS AEROPUERTO,891.0,5.8,ºC,-3.4,ºC,15.0,ºC,0.0,mm,67.0,%,36.0,%,99.0,%,915.1,hPa,922.4,hPa,3.3,m/s,10.3,m/s,10.4,h,2026-03-01 00:00:00.000 +0100,2026-05-29 09:11:28.959 +0200,
"15d3cbf0-628c-42db-ac4d-9256dcc467fd","2331",BURGOS AEROPUERTO,891.0,9.3,ºC,2.8,ºC,15.8,ºC,0.0,mm,68.0,%,44.0,%,90.0,%,909.8,hPa,915.1,hPa,5.0,m/s,10.6,m/s,9.4,h,2026-03-02 00:00:00.000 +0100,2026-05-29 09:11:28.959 +0200,
"3457e967-1924-4775-8c15-6465006c7d52","2331",BURGOS AEROPUERTO,891.0,7.7,ºC,4.6,ºC,10.8,ºC,0.0,mm,89.0,%,76.0,%,100.0,%,914.9,hPa,917.5,hPa,4.2,m/s,9.7,m/s,0.0,h,2026-03-03 00:00:00.000 +0100,2026-05-29 09:11:28.959 +0200,
"9c0c3657-00a0-4a26-b4c3-2a152112db2a","2331",BURGOS AEROPUERTO,891.0,9.0,ºC,2.9,ºC,15.0,ºC,0.0,mm,79.0,%,56.0,%,100.0,%,913.1,hPa,917.0,hPa,3.1,m/s,9.2,m/s,6.8,h,2026-03-04 00:00:00.000 +0100,2026-05-29 09:11:28.959 +0200,
"27cda1b4-d1f8-4ea3-bbe1-c2117125d967","2331",BURGOS AEROPUERTO,891.0,7.8,ºC,1.3,ºC,14.4,ºC,13.8,mm,86.0,%,55.0,%,100.0,%,909.2,hPa,914.2,hPa,4.4,m/s,12.5,m/s,4.0,h,2026-03-05 00:00:00.000 +0100,2026-05-29 09:11:28.959 +0200,
a631f18e-9be7-4d67-8ac3-48a9fda0d8dc,"2331",BURGOS AEROPUERTO,891.0,6.8,ºC,4.5,ºC,9.0,ºC,3.4,mm,83.0,%,71.0,%,99.0,%,912.4,hPa,916.1,hPa,6.4,m/s,15.6,m/s,0.2,h,2026-03-06 00:00:00.000 +0100,2026-05-29 09:11:28.959 +0200,
f2c6f4cd-1e4c-4398-b0d3-d643b2553b2f,"2331",BURGOS AEROPUERTO,891.0,7.1,ºC,3.6,ºC,10.6,ºC,0.4,mm,87.0,%,65.0,%,97.0,%,914.7,hPa,917.7,hPa,5.3,m/s,12.8,m/s,4.8,h,2026-03-07 00:00:00.000 +0100,2026-05-29 09:11:28.959 +0200,
"1bb20387-15e0-4f3b-86fa-615498c15b66","2331",BURGOS AEROPUERTO,891.0,7.0,ºC,3.0,ºC,11.1,ºC,0.0,mm,76.0,%,60.0,%,99.0,%,916.9,hPa,918.4,hPa,2.5,m/s,7.8,m/s,2.8,h,2026-03-08 00:00:00.000 +0100,2026-05-29 09:11:28.959 +0200,
"0858412d-bc47-4b29-829d-cee799352bed","2331",BURGOS AEROPUERTO,891.0,6.6,ºC,2.4,ºC,10.7,ºC,5.0,mm,83.0,%,62.0,%,98.0,%,913.7,hPa,918.1,hPa,2.8,m/s,12.8,m/s,1.4,h,2026-03-09 00:00:00.000 +0100,2026-05-29 09:11:28.959 +0200,
"942d2747-c5e2-4586-bd4d-d2bc36784203","2331",BURGOS AEROPUERTO,891.0,8.2,ºC,4.9,ºC,11.5,ºC,0.0,mm,86.0,%,68.0,%,100.0,%,914.8,hPa,919.9,hPa,4.4,m/s,7.8,m/s,3.4,h,2026-03-10 00:00:00.000 +0100,2026-05-29 09:11:28.959 +0200,
f33e3a81-d236-4404-941b-52a53b423deb,"2331",BURGOS AEROPUERTO,891.0,8.0,ºC,2.5,ºC,13.5,ºC,0.0,mm,76.0,%,58.0,%,99.0,%,919.8,hPa,924.2,hPa,1.7,m/s,8.1,m/s,3.5,h,2026-03-11 00:00:00.000 +0100,2026-05-29 09:11:28.959 +0200,
"90b3bf2b-58be-4c4f-9f03-63050525b178","2331",BURGOS AEROPUERTO,891.0,9.2,ºC,2.1,ºC,16.3,ºC,0.0,mm,66.0,%,44.0,%,99.0,%,919.8,hPa,924.0,hPa,3.3,m/s,10.6,m/s,10.8,h,2026-03-12 00:00:00.000 +0100,2026-05-29 09:11:28.959 +0200,
"3c95df03-e9f1-44c5-a436-c13c0abed130","2331",BURGOS AEROPUERTO,891.0,9.0,ºC,3.3,ºC,14.7,ºC,3.2,mm,71.0,%,48.0,%,93.0,%,909.3,hPa,919.8,hPa,5.6,m/s,14.4,m/s,7.5,h,2026-03-13 00:00:00.000 +0100,2026-05-29 09:11:28.959 +0200,
"258cdf6f-3957-4641-adbd-65a9e559d1d8","2331",BURGOS AEROPUERTO,891.0,5.4,ºC,2.3,ºC,8.4,ºC,2.6,mm,88.0,%,80.0,%,96.0,%,906.9,hPa,911.2,hPa,3.3,m/s,13.3,m/s,0.0,h,2026-03-14 00:00:00.000 +0100,2026-05-29 09:11:28.959 +0200,
"9e7fcf43-34e2-46e6-bdd8-3ad2bf7ec1aa","2331",BURGOS AEROPUERTO,891.0,5.0,ºC,1.9,ºC,8.1,ºC,0.2,mm,79.0,%,66.0,%,97.0,%,911.1,hPa,920.7,hPa,4.4,m/s,11.7,m/s,2.9,h,2026-03-15 00:00:00.000 +0100,2026-05-29 09:11:28.959 +0200,
d278d14d-af5a-495b-8b5b-72d09af73794,"2331",BURGOS AEROPUERTO,891.0,8.8,ºC,2.5,ºC,15.0,ºC,0.0,mm,72.0,%,49.0,%,97.0,%,917.8,hPa,921.6,hPa,2.8,m/s,8.6,m/s,10.9,h,2026-03-16 00:00:00.000 +0100,2026-05-29 09:11:28.959 +0200,
"14fa7dff-4865-4ef8-9a4b-d86e64462a8c","2331",BURGOS AEROPUERTO,891.0,10.6,ºC,-1.4,ºC,22.6,ºC,0.0,mm,51.0,%,15.0,%,91.0,%,908.6,hPa,917.8,hPa,2.5,m/s,8.1,m/s,11.7,h,2026-03-17 00:00:00.000 +0100,2026-05-29 09:11:28.959 +0200,
"142340fa-8c26-4717-94df-4b52de36dceb","2331",BURGOS AEROPUERTO,891.0,10.2,ºC,1.9,ºC,18.5,ºC,0.0,mm,64.0,%,41.0,%,93.0,%,904.8,hPa,908.7,hPa,3.9,m/s,8.9,m/s,9.7,h,2026-03-18 00:00:00.000 +0100,2026-05-29 09:11:28.959 +0200,
d8c7bfb6-bcdd-4157-adff-013b3da40a94,"2331",BURGOS AEROPUERTO,891.0,9.0,ºC,3.7,ºC,14.3,ºC,,mm,80.0,%,63.0,%,98.0,%,907.8,hPa,911.5,hPa,6.4,m/s,11.9,m/s,10.3,h,2026-03-19 00:00:00.000 +0100,2026-05-29 09:11:28.959 +0200,
"26d95ef9-25f4-4b56-b85d-36b8c7636201","2331",BURGOS AEROPUERTO,891.0,7.9,ºC,1.7,ºC,14.1,ºC,0.0,mm,76.0,%,57.0,%,100.0,%,908.8,hPa,911.7,hPa,3.3,m/s,8.6,m/s,5.4,h,2026-03-20 00:00:00.000 +0100,2026-05-29 09:11:28.959 +0200,
cd1a0a81-f4d3-429c-b600-01dc6ca08745,"2331",BURGOS AEROPUERTO,891.0,8.4,ºC,0.7,ºC,16.0,ºC,0.0,mm,61.0,%,41.0,%,96.0,%,907.9,hPa,910.7,hPa,3.3,m/s,8.6,m/s,11.3,h,2026-03-21 00:00:00.000 +0100,2026-05-29 09:11:28.959 +0200,
"0b4af281-3441-49a8-a9e5-050fbdc9489d","2331",BURGOS AEROPUERTO,891.0,7.6,ºC,0.6,ºC,14.6,ºC,0.0,mm,61.0,%,30.0,%,92.0,%,909.6,hPa,913.2,hPa,3.9,m/s,10.8,m/s,11.7,h,2026-03-22 00:00:00.000 +0100,2026-05-29 09:11:28.959 +0200,
"44a80da3-0d1f-40f5-bcea-ea45b23648d2","2331",BURGOS AEROPUERTO,891.0,6.2,ºC,1.4,ºC,11.1,ºC,0.0,mm,70.0,%,52.0,%,94.0,%,912.6,hPa,919.1,hPa,5.8,m/s,13.3,m/s,6.8,h,2026-03-23 00:00:00.000 +0100,2026-05-29 09:11:28.959 +0200,
"4fa865e7-1a01-46b3-9204-8d87bfebe8db","2331",BURGOS AEROPUERTO,891.0,8.0,ºC,-1.8,ºC,17.8,ºC,0.0,mm,54.0,%,26.0,%,97.0,%,918.1,hPa,920.5,hPa,2.8,m/s,6.9,m/s,11.9,h,2026-03-24 00:00:00.000 +0100,2026-05-29 09:11:28.959 +0200,
fc89d321-1adf-481a-9505-6b8377690f04,"2331",BURGOS AEROPUERTO,891.0,6.2,ºC,-0.5,ºC,12.8,ºC,0.0,mm,73.0,%,52.0,%,92.0,%,918.6,hPa,921.3,hPa,5.8,m/s,16.4,m/s,10.4,h,2026-03-25 00:00:00.000 +0100,2026-05-29 09:11:28.959 +0200,
"2458646b-01fc-4fab-a2c1-256ab713157d","2331",BURGOS AEROPUERTO,891.0,4.7,ºC,1.0,ºC,8.4,ºC,0.0,mm,71.0,%,58.0,%,92.0,%,919.0,hPa,920.7,hPa,7.2,m/s,13.3,m/s,4.2,h,2026-03-26 00:00:00.000 +0100,2026-05-29 09:11:28.959 +0200,
"2bb8f4a9-031e-477a-aebc-933478d6ca8e","2331",BURGOS AEROPUERTO,891.0,4.6,ºC,0.6,ºC,8.7,ºC,0.0,mm,77.0,%,65.0,%,96.0,%,918.4,hPa,920.4,hPa,7.2,m/s,13.3,m/s,1.5,h,2026-03-27 00:00:00.000 +0100,2026-05-29 09:11:28.959 +0200,
"5196ea84-7794-46bf-9f2c-033b081d3552","2331",BURGOS AEROPUERTO,891.0,5.4,ºC,0.0,ºC,10.9,ºC,0.6,mm,83.0,%,62.0,%,94.0,%,920.1,hPa,927.2,hPa,6.1,m/s,13.6,m/s,1.6,h,2026-03-28 00:00:00.000 +0100,2026-05-29 09:11:28.959 +0200,
"3628a759-ab75-48fe-8123-614318caf99d","2331",BURGOS AEROPUERTO,891.0,3.8,ºC,0.1,ºC,7.6,ºC,0.0,mm,67.0,%,47.0,%,91.0,%,925.4,hPa,928.8,hPa,9.4,m/s,18.9,m/s,7.6,h,2026-03-29 00:00:00.000 +0100,2026-05-29 09:11:28.959 +0200,
a6488f62-1ea3-4328-8d1a-8e3342303446,"2331",BURGOS AEROPUERTO,891.0,5.4,ºC,0.6,ºC,10.3,ºC,0.0,mm,82.0,%,66.0,%,92.0,%,926.7,hPa,929.7,hPa,4.7,m/s,12.5,m/s,1.8,h,2026-03-30 00:00:00.000 +0200,2026-05-29 09:11:28.959 +0200,
"76d3b1b1-0688-4949-975c-72aa306d8e04","2331",BURGOS AEROPUERTO,891.0,8.2,ºC,5.1,ºC,11.4,ºC,0.0,mm,74.0,%,63.0,%,89.0,%,925.2,hPa,927.7,hPa,8.1,m/s,15.3,m/s,2.0,h,2026-03-31 00:00:00.000 +0200,2026-05-29 09:11:28.959 +0200,
abfe094c-5f08-455a-9593-65aa1ceafaff,"2331",BURGOS AEROPUERTO,891.0,9.2,ºC,5.2,ºC,13.1,ºC,0.0,mm,67.0,%,43.0,%,93.0,%,920.2,hPa,925.3,hPa,6.1,m/s,14.7,m/s,5.1,h,2026-04-01 00:00:00.000 +0200,2026-05-29 09:11:28.959 +0200,
"369b2335-31f7-4e45-9427-f499c7404176","2331",BURGOS AEROPUERTO,891.0,6.0,ºC,2.0,ºC,10.1,ºC,0.0,mm,69.0,%,57.0,%,91.0,%,919.2,hPa,921.6,hPa,5.6,m/s,13.6,m/s,1.9,h,2026-04-02 00:00:00.000 +0200,2026-05-29 09:11:28.959 +0200,
"8516b0b5-3e0c-4a47-b120-0dc14f155cd3","2331",BURGOS AEROPUERTO,891.0,8.0,ºC,-1.1,ºC,17.1,ºC,0.0,mm,56.0,%,23.0,%,95.0,%,920.8,hPa,923.8,hPa,4.2,m/s,11.4,m/s,10.6,h,2026-04-03 00:00:00.000 +0200,2026-05-29 09:11:28.959 +0200,
"57a62236-3c82-4a80-8efe-e8f38b6018ac","2331",BURGOS AEROPUERTO,891.0,11.6,ºC,0.5,ºC,22.8,ºC,0.0,mm,50.0,%,24.0,%,93.0,%,919.6,hPa,923.9,hPa,2.5,m/s,9.4,m/s,12.4,h,2026-04-04 00:00:00.000 +0200,2026-05-29 09:11:28.959 +0200,
e8d35a40-78f4-4cc6-ac84-540c98e1ded7,"2331",BURGOS AEROPUERTO,891.0,13.8,ºC,3.2,ºC,24.5,ºC,0.0,mm,46.0,%,24.0,%,86.0,%,919.9,hPa,922.1,hPa,2.8,m/s,10.3,m/s,12.0,h,2026-04-05 00:00:00.000 +0200,2026-05-29 09:11:28.959 +0200,
b5fa42f1-ab43-4651-9b3b-570057f4062e,"2331",BURGOS AEROPUERTO,891.0,15.2,ºC,4.9,ºC,25.4,ºC,0.0,mm,41.0,%,13.0,%,89.0,%,915.3,hPa,921.3,hPa,4.4,m/s,14.2,m/s,11.9,h,2026-04-06 00:00:00.000 +0200,2026-05-29 09:11:28.959 +0200,
cd2f91cf-f62c-432b-b8ee-1ca52e853b5c,"2331",BURGOS AEROPUERTO,891.0,15.0,ºC,7.7,ºC,22.4,ºC,0.2,mm,45.0,%,30.0,%,94.0,%,914.5,hPa,917.1,hPa,4.7,m/s,15.8,m/s,6.5,h,2026-04-07 00:00:00.000 +0200,2026-05-29 09:11:28.959 +0200,
"2f358866-2020-40ae-8634-b6c0ddc896c2","2331",BURGOS AEROPUERTO,891.0,13.0,ºC,5.0,ºC,20.9,ºC,0.0,mm,55.0,%,35.0,%,97.0,%,916.2,hPa,919.4,hPa,3.6,m/s,10.0,m/s,6.3,h,2026-04-08 00:00:00.000 +0200,2026-05-29 09:11:28.959 +0200,
"3982b318-6a0d-4dd2-80e2-6250c011f4d9","2331",BURGOS AEROPUERTO,891.0,14.6,ºC,5.0,ºC,24.3,ºC,0.0,mm,52.0,%,25.0,%,90.0,%,917.4,hPa,920.3,hPa,4.4,m/s,10.8,m/s,9.5,h,2026-04-09 00:00:00.000 +0200,2026-05-29 09:11:28.959 +0200,
"026d2f53-e63b-493b-a644-4827fb7ce8a7","2331",BURGOS AEROPUERTO,891.0,16.2,ºC,5.6,ºC,26.7,ºC,0.0,mm,41.0,%,18.0,%,88.0,%,912.1,hPa,920.0,hPa,2.8,m/s,10.3,m/s,11.9,h,2026-04-10 00:00:00.000 +0200,2026-05-29 09:11:28.959 +0200,
eb5b867a-3102-4385-a968-1182efac0fb2,"2331",BURGOS AEROPUERTO,891.0,10.1,ºC,3.2,ºC,17.0,ºC,2.0,mm,77.0,%,42.0,%,97.0,%,910.1,hPa,915.3,hPa,5.8,m/s,13.3,m/s,0.1,h,2026-04-11 00:00:00.000 +0200,2026-05-29 09:11:28.959 +0200,
"7f1ef076-7383-4cb0-8617-761b6652e4c5","2331",BURGOS AEROPUERTO,891.0,6.2,ºC,1.9,ºC,10.4,ºC,0.0,mm,75.0,%,44.0,%,93.0,%,911.3,hPa,914.4,hPa,5.6,m/s,11.1,m/s,2.6,h,2026-04-12 00:00:00.000 +0200,2026-05-29 09:11:28.959 +0200,
"4ead7040-6b5f-4873-ac9a-438a78f8c085","2331",BURGOS AEROPUERTO,891.0,5.8,ºC,-1.7,ºC,13.3,ºC,0.0,mm,60.0,%,38.0,%,95.0,%,913.0,hPa,916.8,hPa,3.1,m/s,8.9,m/s,8.6,h,2026-04-13 00:00:00.000 +0200,2026-05-29 09:11:28.959 +0200,
db78b43d-1a92-441f-ad66-08421939fe05,"2331",BURGOS AEROPUERTO,891.0,10.2,ºC,3.5,ºC,16.9,ºC,0.0,mm,69.0,%,48.0,%,91.0,%,916.5,hPa,920.4,hPa,3.1,m/s,7.5,m/s,3.9,h,2026-04-14 00:00:00.000 +0200,2026-05-29 09:11:28.959 +0200,
e8937745-98f2-482a-add7-a4f5e41dfa8f,"2331",BURGOS AEROPUERTO,891.0,13.4,ºC,5.7,ºC,21.0,ºC,0.0,mm,52.0,%,27.0,%,96.0,%,918.5,hPa,920.9,hPa,2.5,m/s,10.0,m/s,12.6,h,2026-04-15 00:00:00.000 +0200,2026-05-29 09:11:28.959 +0200,
ab68ca62-97a5-498b-98f8-9336e7ecccfe,"2331",BURGOS AEROPUERTO,891.0,12.6,ºC,2.4,ºC,22.7,ºC,0.0,mm,56.0,%,24.0,%,100.0,%,917.2,hPa,920.6,hPa,3.9,m/s,11.9,m/s,11.3,h,2026-04-16 00:00:00.000 +0200,2026-05-29 09:11:28.959 +0200,
"64a45d17-c3f6-4926-bb9d-aa5a81ebb632","2331",BURGOS AEROPUERTO,891.0,13.8,ºC,2.4,ºC,25.1,ºC,0.0,mm,49.0,%,22.0,%,96.0,%,916.3,hPa,919.1,hPa,2.8,m/s,8.9,m/s,11.9,h,2026-04-17 00:00:00.000 +0200,2026-05-29 09:11:28.959 +0200,
b88cb510-f370-4cbb-8bee-2b6158122f6f,"2331",BURGOS AEROPUERTO,891.0,15.4,ºC,6.9,ºC,24.0,ºC,0.0,mm,69.0,%,35.0,%,99.0,%,916.4,hPa,919.2,hPa,5.3,m/s,10.3,m/s,10.4,h,2026-04-18 00:00:00.000 +0200,2026-05-29 09:11:28.959 +0200,
f995f4e3-271c-474f-a4af-ce57cccb1765,"2331",BURGOS AEROPUERTO,891.0,17.2,ºC,8.6,ºC,25.7,ºC,0.0,mm,43.0,%,23.0,%,96.0,%,913.6,hPa,918.6,hPa,3.6,m/s,10.8,m/s,10.6,h,2026-04-19 00:00:00.000 +0200,2026-05-29 09:11:28.959 +0200,
a0c7bf51-ffe4-4835-ac8b-3dce04c7efa1,"2331",BURGOS AEROPUERTO,891.0,16.0,ºC,6.6,ºC,25.5,ºC,0.0,mm,44.0,%,22.0,%,89.0,%,909.9,hPa,914.5,hPa,3.1,m/s,10.0,m/s,10.1,h,2026-04-20 00:00:00.000 +0200,2026-05-29 09:11:28.959 +0200,
"3556f664-5877-4a09-8f61-0ca9e638d21d","2331",BURGOS AEROPUERTO,891.0,16.4,ºC,6.0,ºC,26.9,ºC,0.0,mm,45.0,%,19.0,%,87.0,%,906.9,hPa,911.0,hPa,4.2,m/s,13.1,m/s,7.1,h,2026-04-21 00:00:00.000 +0200,2026-05-29 09:11:28.959 +0200,
"0afd1f97-2f54-45ee-afba-3f72c33f92bd","2331",BURGOS AEROPUERTO,891.0,14.8,ºC,8.4,ºC,21.2,ºC,0.0,mm,52.0,%,36.0,%,81.0,%,907.0,hPa,915.0,hPa,4.2,m/s,11.9,m/s,9.9,h,2026-04-22 00:00:00.000 +0200,2026-05-29 09:11:28.959 +0200,
c87b5797-1b91-43fe-b92f-60b661704886,"2331",BURGOS AEROPUERTO,891.0,12.8,ºC,4.1,ºC,21.4,ºC,4.6,mm,66.0,%,51.0,%,91.0,%,912.4,hPa,915.0,hPa,5.0,m/s,11.1,m/s,10.4,h,2026-04-23 00:00:00.000 +0200,2026-05-29 09:11:28.959 +0200,
ce9a928c-56d9-4142-8930-0c0439336080,"2331",BURGOS AEROPUERTO,891.0,15.4,ºC,9.3,ºC,21.6,ºC,0.8,mm,65.0,%,43.0,%,98.0,%,914.2,hPa,917.9,hPa,2.5,m/s,10.6,m/s,5.2,h,2026-04-24 00:00:00.000 +0200,2026-05-29 09:11:28.959 +0200,
ba920c63-216d-48d4-987d-d486c85cab51,"2331",BURGOS AEROPUERTO,891.0,14.8,ºC,8.9,ºC,20.8,ºC,0.0,mm,69.0,%,49.0,%,97.0,%,915.4,hPa,918.6,hPa,5.8,m/s,10.6,m/s,11.4,h,2026-04-25 00:00:00.000 +0200,2026-05-29 09:11:28.959 +0200,
b8a2566d-3360-43df-8541-8ff78e06f69b,"2331",BURGOS AEROPUERTO,891.0,16.2,ºC,7.7,ºC,24.6,ºC,0.0,mm,50.0,%,21.0,%,97.0,%,915.8,hPa,918.5,hPa,2.8,m/s,8.6,m/s,10.8,h,2026-04-26 00:00:00.000 +0200,2026-05-29 09:11:28.959 +0200,
"7902532d-ca7a-49d4-a120-a53414a3faa1","2331",BURGOS AEROPUERTO,891.0,14.6,ºC,8.8,ºC,20.3,ºC,3.4,mm,81.0,%,59.0,%,97.0,%,914.3,hPa,917.8,hPa,3.3,m/s,10.8,m/s,2.9,h,2026-04-27 00:00:00.000 +0200,2026-05-29 09:11:28.959 +0200,
"5f7603c6-7ba4-4244-8dd0-254ab162744a","2331",BURGOS AEROPUERTO,891.0,14.6,ºC,9.5,ºC,19.7,ºC,14.0,mm,79.0,%,58.0,%,100.0,%,908.4,hPa,914.4,hPa,5.8,m/s,10.6,m/s,5.3,h,2026-04-28 00:00:00.000 +0200,2026-05-29 09:11:28.959 +0200,
"720557c6-05d1-4c79-98df-7603acc4f2f9","2331",BURGOS AEROPUERTO,891.0,14.7,ºC,9.9,ºC,19.5,ºC,18.4,mm,80.0,%,52.0,%,99.0,%,906.5,hPa,912.0,hPa,3.6,m/s,13.1,m/s,2.7,h,2026-04-29 00:00:00.000 +0200,2026-05-29 09:11:28.959 +0200,
"3d81e9e9-e522-42e6-811d-6f188fdadda5","2331",BURGOS AEROPUERTO,891.0,13.0,ºC,7.2,ºC,18.9,ºC,0.0,mm,72.0,%,48.0,%,100.0,%,911.6,hPa,917.2,hPa,2.2,m/s,7.5,m/s,5.9,h,2026-04-30 00:00:00.000 +0200,2026-05-29 09:11:28.959 +0200,
"77ed1ec8-d5a4-42ef-9cca-dd82e7ec3e79","2331",BURGOS AEROPUERTO,891.0,15.4,ºC,7.7,ºC,23.2,ºC,0.0,mm,71.0,%,34.0,%,100.0,%,916.0,hPa,917.6,hPa,3.3,m/s,10.6,m/s,9.1,h,2026-05-01 00:00:00.000 +0200,2026-05-29 09:11:28.959 +0200,
e7faa1a1-8715-44d2-ab5c-1551f5e3fb6a,"2331",BURGOS AEROPUERTO,891.0,13.0,ºC,9.2,ºC,16.8,ºC,9.0,mm,83.0,%,67.0,%,97.0,%,912.4,hPa,916.4,hPa,3.9,m/s,13.6,m/s,2.3,h,2026-05-02 00:00:00.000 +0200,2026-05-29 09:11:28.959 +0200,
"09e84114-e6bf-4737-a681-76267784e6a4","2331",BURGOS AEROPUERTO,891.0,12.2,ºC,7.3,ºC,17.0,ºC,10.8,mm,79.0,%,59.0,%,98.0,%,909.4,hPa,913.2,hPa,2.5,m/s,9.2,m/s,3.8,h,2026-05-03 00:00:00.000 +0200,2026-05-29 09:11:28.959 +0200,
"0d0478d7-132f-41f4-8f0d-775a482e85b0","2331",BURGOS AEROPUERTO,891.0,9.6,ºC,5.8,ºC,13.3,ºC,27.2,mm,95.0,%,62.0,%,99.0,%,910.1,hPa,912.5,hPa,3.9,m/s,10.3,m/s,1.5,h,2026-05-04 00:00:00.000 +0200,2026-05-29 09:11:28.959 +0200,
b44d49da-e6c4-4a62-8b4b-558398f70d30,"2331",BURGOS AEROPUERTO,891.0,7.6,ºC,2.3,ºC,13.0,ºC,1.8,mm,76.0,%,52.0,%,98.0,%,911.0,hPa,912.9,hPa,3.6,m/s,9.7,m/s,3.9,h,2026-05-05 00:00:00.000 +0200,2026-05-29 09:11:28.959 +0200,
e39d3dba-46bc-4a11-8195-ac5581367bab,"2331",BURGOS AEROPUERTO,891.0,8.2,ºC,0.7,ºC,15.6,ºC,,mm,67.0,%,43.0,%,100.0,%,910.1,hPa,912.4,hPa,2.8,m/s,8.3,m/s,9.3,h,2026-05-06 00:00:00.000 +0200,2026-05-29 09:11:28.959 +0200,
aec645c8-b1a4-44d2-9d4f-f096a1ecda97,"2331",BURGOS AEROPUERTO,891.0,11.4,ºC,5.2,ºC,17.7,ºC,5.4,mm,78.0,%,47.0,%,98.0,%,907.9,hPa,911.0,hPa,5.0,m/s,10.0,m/s,8.8,h,2026-05-07 00:00:00.000 +0200,2026-05-29 09:11:28.959 +0200,
"5d8c0afc-7407-47b5-9935-27db55cde46b","2331",BURGOS AEROPUERTO,891.0,10.2,ºC,4.8,ºC,15.6,ºC,2.8,mm,87.0,%,57.0,%,98.0,%,908.3,hPa,910.5,hPa,5.0,m/s,13.3,m/s,2.4,h,2026-05-08 00:00:00.000 +0200,2026-05-29 09:11:28.959 +0200,
"2f70dd1e-8103-4dd5-96d4-99e586738465","2331",BURGOS AEROPUERTO,891.0,11.8,ºC,5.8,ºC,17.9,ºC,3.6,mm,74.0,%,56.0,%,100.0,%,906.6,hPa,909.8,hPa,6.1,m/s,13.6,m/s,3.5,h,2026-05-09 00:00:00.000 +0200,2026-05-29 09:11:28.959 +0200,
"4e59067e-8c71-44d4-ab57-265efcb0fff9","2331",BURGOS AEROPUERTO,891.0,10.1,ºC,5.6,ºC,14.6,ºC,2.8,mm,82.0,%,52.0,%,94.0,%,908.0,hPa,910.9,hPa,3.6,m/s,14.2,m/s,5.6,h,2026-05-10 00:00:00.000 +0200,2026-05-29 09:11:28.959 +0200,
c6e18a27-0ae4-478f-8eaa-dfd374f89e8a,"2331",BURGOS AEROPUERTO,891.0,11.3,ºC,6.1,ºC,16.5,ºC,0.0,mm,69.0,%,53.0,%,95.0,%,910.7,hPa,915.1,hPa,5.6,m/s,12.2,m/s,4.6,h,2026-05-11 00:00:00.000 +0200,2026-05-29 09:11:28.959 +0200,
d3bd97e0-0dd6-48d8-a919-77de1b659000,"2331",BURGOS AEROPUERTO,891.0,8.6,ºC,3.8,ºC,13.3,ºC,20.0,mm,91.0,%,70.0,%,100.0,%,914.3,hPa,917.1,hPa,2.2,m/s,12.8,m/s,2.6,h,2026-05-12 00:00:00.000 +0200,2026-05-29 09:11:28.959 +0200,
"5b6cc76b-70eb-4830-aee9-cde56b3888e4","2331",BURGOS AEROPUERTO,891.0,11.2,ºC,6.8,ºC,15.6,ºC,0.0,mm,64.0,%,48.0,%,95.0,%,914.2,hPa,917.1,hPa,2.2,m/s,8.3,m/s,2.7,h,2026-05-13 00:00:00.000 +0200,2026-05-29 09:11:28.959 +0200,
d08c7a76-a598-4ad9-906c-6e8d721e8c38,"2331",BURGOS AEROPUERTO,891.0,9.6,ºC,5.6,ºC,13.7,ºC,2.6,mm,70.0,%,50.0,%,96.0,%,907.0,hPa,914.2,hPa,2.8,m/s,8.3,m/s,4.0,h,2026-05-14 00:00:00.000 +0200,2026-05-29 09:11:28.959 +0200,
a23f0d94-cc67-4c89-9fdd-336139352e18,"2331",BURGOS AEROPUERTO,891.0,6.9,ºC,2.3,ºC,11.5,ºC,3.2,mm,71.0,%,53.0,%,98.0,%,905.6,hPa,914.6,hPa,5.8,m/s,12.8,m/s,7.8,h,2026-05-15 00:00:00.000 +0200,2026-05-29 09:11:28.959 +0200,
bc628cc9-f94b-4401-87e3-ce90c788fa4e,"2331",BURGOS AEROPUERTO,891.0,6.8,ºC,-0.7,ºC,14.2,ºC,0.0,mm,69.0,%,49.0,%,97.0,%,914.1,hPa,915.6,hPa,3.1,m/s,7.5,m/s,7.0,h,2026-05-16 00:00:00.000 +0200,2026-05-29 09:11:28.959 +0200,
"84bcdd8c-60b0-48ac-bf77-9d80214eb7d8","2331",BURGOS AEROPUERTO,891.0,10.8,ºC,4.8,ºC,16.8,ºC,0.0,mm,71.0,%,53.0,%,95.0,%,913.3,hPa,916.1,hPa,4.7,m/s,11.1,m/s,10.0,h,2026-05-17 00:00:00.000 +0200,2026-05-29 09:11:28.959 +0200,
cbbc5430-021e-406d-ac31-278b74f08404,"2331",BURGOS AEROPUERTO,891.0,11.7,ºC,4.5,ºC,18.9,ºC,0.0,mm,64.0,%,37.0,%,99.0,%,915.0,hPa,916.7,hPa,2.5,m/s,9.7,m/s,7.3,h,2026-05-18 00:00:00.000 +0200,2026-05-29 09:11:28.959 +0200,
"74d5148c-b241-4b5e-97b6-86ad5900b46f","2331",BURGOS AEROPUERTO,891.0,15.0,ºC,8.2,ºC,21.7,ºC,0.0,mm,57.0,%,47.0,%,86.0,%,916.6,hPa,921.8,hPa,6.1,m/s,11.4,m/s,12.7,h,2026-05-19 00:00:00.000 +0200,2026-05-29 09:11:28.959 +0200,
edb76313-5abf-428e-a331-3749abe14e12,"2331",BURGOS AEROPUERTO,891.0,16.2,ºC,7.1,ºC,25.4,ºC,0.0,mm,60.0,%,37.0,%,100.0,%,921.8,hPa,923.7,hPa,2.5,m/s,7.5,m/s,13.2,h,2026-05-20 00:00:00.000 +0200,2026-05-29 09:11:28.959 +0200,
"9eba3b81-c808-4b0e-ab3d-da349ed9f2ff","2331",BURGOS AEROPUERTO,891.0,19.0,ºC,8.5,ºC,29.4,ºC,0.0,mm,47.0,%,25.0,%,96.0,%,921.4,hPa,923.6,hPa,3.6,m/s,9.4,m/s,13.2,h,2026-05-21 00:00:00.000 +0200,2026-05-29 09:11:28.959 +0200,
a55e9e79-c339-4c2a-b4c2-d89dfd146015,"2331",BURGOS AEROPUERTO,891.0,19.8,ºC,9.4,ºC,30.3,ºC,0.0,mm,52.0,%,27.0,%,93.0,%,921.3,hPa,924.4,hPa,2.5,m/s,7.5,m/s,12.4,h,2026-05-22 00:00:00.000 +0200,2026-05-29 09:11:28.959 +0200,
"4baacdee-3d55-48c1-800d-ef6dbfe7f4ed","2331",BURGOS AEROPUERTO,891.0,18.8,ºC,10.7,ºC,27.0,ºC,0.0,mm,58.0,%,45.0,%,92.0,%,922.0,hPa,924.4,hPa,5.0,m/s,10.8,m/s,12.7,h,2026-05-23 00:00:00.000 +0200,2026-05-29 09:11:28.959 +0200,
a54027e2-1584-4c72-aa6c-fe69f7f5bc21,"2331",BURGOS AEROPUERTO,891.0,19.4,ºC,11.1,ºC,27.6,ºC,0.0,mm,55.0,%,42.0,%,95.0,%,922.5,hPa,924.4,hPa,4.2,m/s,10.6,m/s,13.4,h,2026-05-24 00:00:00.000 +0200,2026-05-29 09:11:28.959 +0200,
"85791570-182a-4128-ba28-d5ace0bcc6dd","2331",BURGOS AEROPUERTO,891.0,20.4,ºC,11.5,ºC,29.4,ºC,0.0,mm,39.0,%,15.0,%,85.0,%,923.3,hPa,925.2,hPa,3.3,m/s,9.4,m/s,12.5,h,2026-05-25 00:00:00.000 +0200,2026-05-29 09:11:28.959 +0200,
