"id","groupId","parentCalendarBookingId","classPK","calendarBookingId","calendarResourceId","title","description","type","location","start_date","end_date","url","gps_longitude","gps_latitude"
febe1449-1e2d-48d0-a041-bffec2c0c0e0,304588,120635265,120635265,120635265,311561,TORO “El Verbo del Otro” Marticorena Acuarelas: José Marticorena Veloso Textos: José Luis del Río Galarón,"<p style=""text-align: justify;margin-bottom: 11.0px;"">
  <span style=""font-size: 12.0pt;"">
    <span style=""line-height: 115.0%;"">
      <span style=""font-family: Aptos , sans-serif;"">
        <b>
          <span style=""font-size: 16.0pt;"">
            <span style=""line-height: 115.0%;"">
              <span
                style=""font-family: &quot;Agency FB&quot; , sans-serif;"">Extracto
                prologo Exposición TORO “El Verbo del Otro”</span></span></span></b></span></span></span></p>
<p style=""text-align: justify;margin-bottom: 11.0px;"">
  <span style=""font-size: 12.0pt;"">
    <span style=""line-height: 115.0%;"">
      <span style=""font-family: Aptos , sans-serif;"">
        <span style=""font-size: 14.0pt;"">
          <span style=""line-height: 115.0%;"">
            <span
              style=""font-family: &quot;Aptos Display&quot; , sans-serif;"">La
              historia del arte está cuajada de toros. La plasticidad
              del movimiento de toros y toreros, los animales en
              movimiento, el colorido del albero, burladeros,
              maletillas, monosabios y público, las perspectivas
              audaces, todo hace que la tauromaquia sea un reclamo
              plástico sin competencia para los pinceles. José
              Marticorena en esta exposición, en cuadros que son a su
              vez ilustraciones de los poemas de José Luis del Río,
              recoge toda esa tradición y, en mezcla atrevida con sus
              vastos conocimientos del arte de pintar al agua, plasma en
              decenas de papeles todo el toro y todo el toreo. </span></span></span></span></span></span></p>
<p style=""text-align: justify;margin-bottom: 11.0px;"">
  <span style=""font-size: 12.0pt;"">
    <span style=""line-height: 115.0%;"">
      <span style=""font-family: Aptos , sans-serif;"">
        <span style=""font-size: 14.0pt;"">
          <span style=""line-height: 115.0%;"">
            <span
              style=""font-family: &quot;Aptos Display&quot; , sans-serif;"">Quien
              espere encontrar el virtuosismo de la mímesis a la que el
              género de la pintura de toros nos tiene acostumbrados, la
              reproducción fidedigna de escenas en la plaza o el campo,
              se encontrará con una sorpresa, pues la deformación es
              tónica en un camino hacia la abstracción imparable, tan
              técnico como de absoluto atrevimiento. Las acuarelas de
              Marticorena en esta serie no son sino impresiones,
              composiciones de colores en las que el dibujo desparece a
              favor de la mancha de color, con la indudable intención de
              obtener del espectador la turbación y el asombro. </span></span></span></span></span></span></p>
<p style=""text-align: justify;margin-bottom: 11.0px;"">
  <span style=""font-size: 12.0pt;"">
    <span style=""line-height: 115.0%;"">
      <span style=""font-family: Aptos , sans-serif;"">
        <span style=""font-size: 14.0pt;"">
          <span style=""line-height: 115.0%;"">
            <span
              style=""font-family: &quot;Aptos Display&quot; , sans-serif;"">Se
              estiliza el matador, o se oculta entre capotes, mientras
              el toro deforme en su rotunda y maciza figura salta sobre
              fondos de colores aleatorios, fauvistas incluso, haciendo
              desaparecer la lógica de la gravedad en engaños que vuelan
              inmensos y agitados. Mientras, los versos descarnados y
              directos - “ya huele a sangre”- visten las pinturas. Estas
              incitan a la lectura de <i>la voz del toro</i>, de modo
              que imagen y palabras se hacen “imprescindibles para el rito”.</span></span></span></span></span></span></p>
<p align=""right"" style=""text-align: right;"">
  <span style=""font-size: 12.0pt;"">
    <span style=""line-height: 115.0%;"">
      <span style=""font-family: Aptos , sans-serif;"">
        <span style=""font-size: 14.0pt;"">
          <span style=""line-height: 115.0%;"">
            <span
              style=""font-family: &quot;Aptos Display&quot; , sans-serif;"">Ignacio
              González de Santiago</span></span></span></span></span></span></p>
<p align=""right"" style=""text-align: right;"">
  <span style=""font-size: 12.0pt;"">
    <span style=""line-height: 115.0%;"">
      <span style=""font-family: Aptos , sans-serif;"">
        <span style=""font-size: 14.0pt;"">
          <span style=""line-height: 115.0%;"">
            <span
              style=""font-family: &quot;Aptos Display&quot; , sans-serif;"">De
              la Academia Burgense de Historia y Bellas Artes. </span></span></span></span></span></span></p>
<p align=""right"" style=""text-align: right;"">
  <span style=""font-size: 12.0pt;"">
    <span style=""line-height: 115.0%;"">
      <span style=""font-family: Aptos , sans-serif;"">
        <span style=""font-size: 14.0pt;"">
          <span style=""line-height: 115.0%;"">
            <span
              style=""font-family: &quot;Aptos Display&quot; , sans-serif;"">Institución
              Fernán González</span></span></span></span></span></span></p>",Agenda cultural,sala de exposiciones del Arco de Santa María,"2026-05-29 14:00:00","2026-07-05 15:00:00",https://cultura.aytoburgos.es/agenda-cultural?p_p_id=as_asac_calendar_suite_CalendarSuitePortlet_INSTANCE_RyizIZtCvgG3&_as_asac_calendar_suite_CalendarSuitePortlet_INSTANCE_RyizIZtCvgG3_calendarPath=/html/suite/displays/detail.jsp&_as_asac_calendar_suite_CalendarSuitePortlet_INSTANCE_RyizIZtCvgG3_calendarBookingId=120635265&p_p_state=pop_up,,
a831cd67-602f-4e05-9fa1-9130a359dfc2,304588,123116010,123116010,123116010,311561,Accesibilidad frente al silencio,"<p>
  <a href=""https://www.aransbur.org/"">ARANSBUR</a> lleva 49 años
  trabajando por las familias de las personas sordas en Burgos. En las
  más de 30 imágenes que componen esta exposición-que podrá visitarse
  del 2 al 19 de junio en la <a
    href=""https://cultura.aytoburgos.es/web/ayuntamiento-de-burgos/-/biblioteca-miguel-de-cervantes"">biblioteca
    Miguel de Cervantes</a>-, pretendemos mostrar la realidad de este
  colectivo. Las luces y sombras que iluminan u oscurecen su día a día. <br />
  <br /> Formamos parte de una realidad diversa y rica. Demostremos
  nuestro respeto a los demás acercándonos a ellos con empatía y
  tolerancia. Más aún en el caso de las personas sordas que tienen una
  discapacidad invisible, no perceptible a primera vista.<br /> La falta
  de acceso a la información o las barreras comunicativas suponen un
  lastre para su vida diaria: hacer una gestión burocrática, ir al
  dentista, llevar a una mascota al veterinario o atender una llamada
  son acciones sencillas para el resto de la sociedad, <span class=""text-decoration-underline"">
    <strong>no para ellos.</strong></span>
  <br />
  <br /> La lengua de signos, la presencia de intérpretes, el
  subtitulado, la instalación de bucles magnéticos, el compromiso de las
  administraciones o el uso de aplicaciones que transcriben a tiempo
  real pueden paliar y resolver parte de estos problemas. Es decir,
    <span class=""text-decoration-underline"">
    <strong>la accesibilidad frente al silencio</strong></span>
  <br />
  <br /> La exposición,<strong> cuenta con audioguía, signoguía y
    audiodescripción a través de códigos QR con tecnología NaviLens
  </strong>de la mano del centro especial de empleo, MQD.<br /> Además
    <strong>ofrece un circuito auditivo</strong> con dos actividades que
  tienen como objetivo ponerse en el lugar de una persona sorda y
  comprobar en la propia piel las dificultades que tienen a la hora de
  la comprensión de mensajes orales.</p>
<ul>
  <li>La primera actividad consiste en unir un listado con los
    diferentes tipos de pérdidas auditivas y usos de ayudas técnicas,
    con los audios de cómo escucha, aproximadamente, una persona sorda,
    dependiendo de esos niveles de pérdida y/o uso de ayuda técnica. </li>
  <li>La segunda actividad consiste en visualizar una serie de vídeos de
    muy corta duración, relativos a situaciones en diferentes ámbitos
    (educativo, jurídico, médico…) que no cuentan con audio, por lo que
    hay que intentar leer los labios y contestar posteriormente a una
    pregunta para comprobar cuál será su consecuencia dependiendo de lo
    que haya entendido y contestado.</li></ul>
<p>Tras estas dos dinámicas, se da una explicación de lo que se puede
  hacer para ayudar a la comprensión de esa persona sorda.<br />  </p>",Agenda cultural,"Calle Serramagna, 10","2026-06-16 09:00:00","2026-06-16 20:45:00",https://cultura.aytoburgos.es/agenda-cultural?p_p_id=as_asac_calendar_suite_CalendarSuitePortlet_INSTANCE_RyizIZtCvgG3&_as_asac_calendar_suite_CalendarSuitePortlet_INSTANCE_RyizIZtCvgG3_calendarPath=/html/suite/displays/detail.jsp&_as_asac_calendar_suite_CalendarSuitePortlet_INSTANCE_RyizIZtCvgG3_calendarBookingId=123116010&p_p_state=pop_up,-3.7157217,42.3423765
"40d29882-77e7-4a0f-ab2a-b5d2ed54186e",304588,123116010,123116010,123116010,311561,Accesibilidad frente al silencio,"<p>
  <a href=""https://www.aransbur.org/"">ARANSBUR</a> lleva 49 años
  trabajando por las familias de las personas sordas en Burgos. En las
  más de 30 imágenes que componen esta exposición-que podrá visitarse
  del 2 al 19 de junio en la <a
    href=""https://cultura.aytoburgos.es/web/ayuntamiento-de-burgos/-/biblioteca-miguel-de-cervantes"">biblioteca
    Miguel de Cervantes</a>-, pretendemos mostrar la realidad de este
  colectivo. Las luces y sombras que iluminan u oscurecen su día a día. <br />
  <br /> Formamos parte de una realidad diversa y rica. Demostremos
  nuestro respeto a los demás acercándonos a ellos con empatía y
  tolerancia. Más aún en el caso de las personas sordas que tienen una
  discapacidad invisible, no perceptible a primera vista.<br /> La falta
  de acceso a la información o las barreras comunicativas suponen un
  lastre para su vida diaria: hacer una gestión burocrática, ir al
  dentista, llevar a una mascota al veterinario o atender una llamada
  son acciones sencillas para el resto de la sociedad, <span class=""text-decoration-underline"">
    <strong>no para ellos.</strong></span>
  <br />
  <br /> La lengua de signos, la presencia de intérpretes, el
  subtitulado, la instalación de bucles magnéticos, el compromiso de las
  administraciones o el uso de aplicaciones que transcriben a tiempo
  real pueden paliar y resolver parte de estos problemas. Es decir,
    <span class=""text-decoration-underline"">
    <strong>la accesibilidad frente al silencio</strong></span>
  <br />
  <br /> La exposición,<strong> cuenta con audioguía, signoguía y
    audiodescripción a través de códigos QR con tecnología NaviLens
  </strong>de la mano del centro especial de empleo, MQD.<br /> Además
    <strong>ofrece un circuito auditivo</strong> con dos actividades que
  tienen como objetivo ponerse en el lugar de una persona sorda y
  comprobar en la propia piel las dificultades que tienen a la hora de
  la comprensión de mensajes orales.</p>
<ul>
  <li>La primera actividad consiste en unir un listado con los
    diferentes tipos de pérdidas auditivas y usos de ayudas técnicas,
    con los audios de cómo escucha, aproximadamente, una persona sorda,
    dependiendo de esos niveles de pérdida y/o uso de ayuda técnica. </li>
  <li>La segunda actividad consiste en visualizar una serie de vídeos de
    muy corta duración, relativos a situaciones en diferentes ámbitos
    (educativo, jurídico, médico…) que no cuentan con audio, por lo que
    hay que intentar leer los labios y contestar posteriormente a una
    pregunta para comprobar cuál será su consecuencia dependiendo de lo
    que haya entendido y contestado.</li></ul>
<p>Tras estas dos dinámicas, se da una explicación de lo que se puede
  hacer para ayudar a la comprensión de esa persona sorda.<br />  </p>",Agenda cultural,"Calle Serramagna, 10","2026-06-17 09:00:00","2026-06-17 20:45:00",https://cultura.aytoburgos.es/agenda-cultural?p_p_id=as_asac_calendar_suite_CalendarSuitePortlet_INSTANCE_RyizIZtCvgG3&_as_asac_calendar_suite_CalendarSuitePortlet_INSTANCE_RyizIZtCvgG3_calendarPath=/html/suite/displays/detail.jsp&_as_asac_calendar_suite_CalendarSuitePortlet_INSTANCE_RyizIZtCvgG3_calendarBookingId=123116010&p_p_state=pop_up,-3.7157217,42.3423765
"30f737ed-8154-479a-b834-3871a20ea69a",304588,123100380,123100380,123100380,311561,Voces desatadas: taller,"<p>En este taller, de dos días de duración, nos introduciremos en el
  canto vocal y la respiración, con diferentes ejercicios para soltar
  nuestra voz. <strong>Claudia Costa</strong>, burgalesa que, con su
    formación, <a
  href=""https://gruposartisticosburgos.es/grupo/malavara/"">Malavara</a>,
  ha recorrido toda la provincia, nos muestra técnicas desde la
  improvisación. Prepararemos algunas canciones y trabajaremos desde la
  improvisación vocal y el juego. <br />
  <br /> El objetivo de estos talleres, parte de la premisa de que los
  asistentes se acerquen a su voz, conociendo alguna de las herramientas
  que tiene su cuerpo para cantar y aprendiendo a usarlas de forma
  colectiva en un coro.<br />  <br /> Las sesiones se desarrollarán en
  la sala de usos múltiples de la <a
      href=""https://cultura.aytoburgos.es/web/ayuntamiento-de-burgos/-/biblioteca-miguel-de-cervantes""><strong>Biblioteca
      Miguel de Cervantes</strong>. </a>Puedes asistir un día o los dos,
    pero <strong>es preciso que te inscribas previamente, rellenando
      este <a
  href=""https://docs.google.com/forms/d/e/1FAIpQLSfB9sEajTt3GQJCtTtW-Anglw35oCB-DQH4cQ9oFke1sX5eGA/viewform"">formulario</a></strong>,
  ya que las plazas son limitadas. <br />
  <br /> Esta actividad pertenece a la programación de la <a
    href=""https://cultura.aytoburgos.es/-/ix-jornadas-de-la-musica-local"">IX
    Jornadas de Música Local.</a><br />
  <br />
  <strong>Para más información,</strong> puedes contactar
    con <strong>Clau - 648 118 471, o </strong>con<strong> Ana-  947 288 893</strong></p>",Agenda cultural,"Calle Serramagna, 10","2026-06-17 18:30:00","2026-06-17 19:30:00",https://cultura.aytoburgos.es/agenda-cultural?p_p_id=as_asac_calendar_suite_CalendarSuitePortlet_INSTANCE_RyizIZtCvgG3&_as_asac_calendar_suite_CalendarSuitePortlet_INSTANCE_RyizIZtCvgG3_calendarPath=/html/suite/displays/detail.jsp&_as_asac_calendar_suite_CalendarSuitePortlet_INSTANCE_RyizIZtCvgG3_calendarBookingId=123100380&p_p_state=pop_up,-3.7157217,42.3423765
"25c2114a-e374-421e-9aa5-1ce7b5d74f7e",304588,123116010,123116010,123116010,311561,Accesibilidad frente al silencio,"<p>
  <a href=""https://www.aransbur.org/"">ARANSBUR</a> lleva 49 años
  trabajando por las familias de las personas sordas en Burgos. En las
  más de 30 imágenes que componen esta exposición-que podrá visitarse
  del 2 al 19 de junio en la <a
    href=""https://cultura.aytoburgos.es/web/ayuntamiento-de-burgos/-/biblioteca-miguel-de-cervantes"">biblioteca
    Miguel de Cervantes</a>-, pretendemos mostrar la realidad de este
  colectivo. Las luces y sombras que iluminan u oscurecen su día a día. <br />
  <br /> Formamos parte de una realidad diversa y rica. Demostremos
  nuestro respeto a los demás acercándonos a ellos con empatía y
  tolerancia. Más aún en el caso de las personas sordas que tienen una
  discapacidad invisible, no perceptible a primera vista.<br /> La falta
  de acceso a la información o las barreras comunicativas suponen un
  lastre para su vida diaria: hacer una gestión burocrática, ir al
  dentista, llevar a una mascota al veterinario o atender una llamada
  son acciones sencillas para el resto de la sociedad, <span class=""text-decoration-underline"">
    <strong>no para ellos.</strong></span>
  <br />
  <br /> La lengua de signos, la presencia de intérpretes, el
  subtitulado, la instalación de bucles magnéticos, el compromiso de las
  administraciones o el uso de aplicaciones que transcriben a tiempo
  real pueden paliar y resolver parte de estos problemas. Es decir,
    <span class=""text-decoration-underline"">
    <strong>la accesibilidad frente al silencio</strong></span>
  <br />
  <br /> La exposición,<strong> cuenta con audioguía, signoguía y
    audiodescripción a través de códigos QR con tecnología NaviLens
  </strong>de la mano del centro especial de empleo, MQD.<br /> Además
    <strong>ofrece un circuito auditivo</strong> con dos actividades que
  tienen como objetivo ponerse en el lugar de una persona sorda y
  comprobar en la propia piel las dificultades que tienen a la hora de
  la comprensión de mensajes orales.</p>
<ul>
  <li>La primera actividad consiste en unir un listado con los
    diferentes tipos de pérdidas auditivas y usos de ayudas técnicas,
    con los audios de cómo escucha, aproximadamente, una persona sorda,
    dependiendo de esos niveles de pérdida y/o uso de ayuda técnica. </li>
  <li>La segunda actividad consiste en visualizar una serie de vídeos de
    muy corta duración, relativos a situaciones en diferentes ámbitos
    (educativo, jurídico, médico…) que no cuentan con audio, por lo que
    hay que intentar leer los labios y contestar posteriormente a una
    pregunta para comprobar cuál será su consecuencia dependiendo de lo
    que haya entendido y contestado.</li></ul>
<p>Tras estas dos dinámicas, se da una explicación de lo que se puede
  hacer para ayudar a la comprensión de esa persona sorda.<br />  </p>",Agenda cultural,"Calle Serramagna, 10","2026-06-18 09:00:00","2026-06-18 20:45:00",https://cultura.aytoburgos.es/agenda-cultural?p_p_id=as_asac_calendar_suite_CalendarSuitePortlet_INSTANCE_RyizIZtCvgG3&_as_asac_calendar_suite_CalendarSuitePortlet_INSTANCE_RyizIZtCvgG3_calendarPath=/html/suite/displays/detail.jsp&_as_asac_calendar_suite_CalendarSuitePortlet_INSTANCE_RyizIZtCvgG3_calendarBookingId=123116010&p_p_state=pop_up,-3.7157217,42.3423765
e6abcbb2-aed8-4961-9210-88d5ddc6d958,304588,123494439,123494439,123494439,311561,"“Lumen 7” Muestra de arte: Félix J. Alonso, I.Martínez “Sacris” Emilio Herrera, Jesús Castro, Gerardo Ibáñez, José L. del Río, Ricardo Alonso","<p style=""text-align: justify;margin-bottom: 11.0px;"">
  <span style=""font-size: 12.0pt;"">
    <span style=""line-height: 115.0%;"">
      <span style=""font-family: Aptos , sans-serif;"">La amistad en los
        ambientes artísticos es compleja y delicada, pues, el fundamento
        de la creación artística es la proyección de la personalidad del
        artista. Su idiosincrasia, su intuición, su método, su
        conocimiento, su destreza, sentimiento y comportamiento: su
        vida. Y la personalidad va creándose conforme avanza y vamos
        incorporando lo viejo y lo nuevo enfrentándose como sustancia de
        lo real y lo imaginario. Sustancia y circunstancias que, a su
        vez, el artista proyectar hacía los demás, “los otros”, en forma
        de obra, de proyecto; de arte.</span></span></span></p>
<p style=""text-align: justify;margin-bottom: 11.0px;"">
  <span style=""font-size: 12.0pt;"">
    <span style=""line-height: 115.0%;"">
      <span style=""font-family: Aptos , sans-serif;"">La exposición
        <b>“Lumen-7”</b> que se abre en el claustro del Monasterio de
        San Juan vísperas del solsticio de verano, con la participación
        de los pintores; Gerardo Ibáñez, Emilio Herrera, Jesús Castro,
        Ricardo Alonso, más el fotógrafo Isaac Martínez “Sacris” y la
        complicidad de dos escritores Félix J. Alonso y J. Luis del Río.
        Esta cardinal propuesta de luz tiene en común un café y un
        tiempo en el que sus componentes abandonaban su individualidad,
        su enclaustrada vida de creación y se regalaban amistad e ideas,
        compartiendo proyectos e ilusiones, viajes a otros conocimientos
        y experiencias.  </span></span></span></p>
<p style=""text-align: justify;margin-bottom: 11.0px;"">
  <span style=""font-size: 12.0pt;"">
    <span style=""line-height: 115.0%;"">
      <span style=""font-family: Aptos , sans-serif;"">Tal vez sea esta
        una buena oportunidad para despejar y reflexionar sobre los
        cambios en el arte y en el espectador. Hoy la expresión visual
        ha mutado con la tecnología y una posible insensibilización
        sobre “conceptos normales” nos aboquen a un futuro que nos sitúe
        ante una hiperconciencia paralizante en contraste con la
        velocidad con la que los “creadores de contenido” nos venden
        imágenes y vida. </span></span></span></p>
<p style=""text-align: justify;margin-bottom: 11.0px;"">
  <span style=""font-size: 12.0pt;"">
    <span style=""line-height: 115.0%;"">
      <span style=""font-family: Aptos , sans-serif;"">Sin retornar a la
        figura de <i>Pasquino</i>, cerca de la <i>Piazza Navona</i>, que
        hace sonar su caracola-cuerno para reclamar atención mediante
        escritos críticos y satíricos depositados tras la estatua. Cada
        miembro de esta exposición, deja a la vista de todo espectador
        su obra y su sustancia. Queda en la mirada, en la sensibilidad y
        en la cultura la valoración de un proyecto que nace con un café,
        la amistad, la luminosidad y el brillo que con sinceridad nos
        muestran estos artistas tan nuestros.</span></span></span></p>",Agenda cultural,sala de exposiciones del Monasterio de San Juan,"2026-06-18 13:00:00","2026-07-05 14:00:00",https://cultura.aytoburgos.es/agenda-cultural?p_p_id=as_asac_calendar_suite_CalendarSuitePortlet_INSTANCE_RyizIZtCvgG3&_as_asac_calendar_suite_CalendarSuitePortlet_INSTANCE_RyizIZtCvgG3_calendarPath=/html/suite/displays/detail.jsp&_as_asac_calendar_suite_CalendarSuitePortlet_INSTANCE_RyizIZtCvgG3_calendarBookingId=123494439&p_p_state=pop_up,,
d969f059-f4d1-4eba-863c-fed05936adfa,304588,123098912,123098912,123098912,311561,Deep Hang en concierto,"<p>El proyecto <strong>Deep Hang </strong>nace de la inquietud de dos
  músicos burgaleses, Joaquín García y Guillermo Pérez, por crear una
  música totalmente original basada en la sonoridad del Handpan de
  Guillermo y los diferentes instrumentos de registro grave de
  Joaquín.<br />  <br /> La base de los temas, compuestos por Guillermo,
  es totalmente distinta a las que estamos acostumbrados, y se basan en
  la resonancia casi hipnótica del Handpan. Por su parte, Joaquín,
  aporta la armonía y los diferentes timbres que consigue con el
  contrabajo, el bajo eléctrico fretless y el Chapman stick<br />
  <br /> La suma de todos estos instrumentos da como resultado una
  música profunda que casi te puede hacer entrar en trance y removerte
  por dentro, gracias a la cantidad de matices y sonoridades que
  proporcionan al oyente.</p>
<p>Esta actividad pertenece a la programación de la <a
    href=""https://cultura.aytoburgos.es/-/ix-jornadas-de-la-musica-local"">IX
    Jornadas de Música Local.</a><br />
  <br /> Será, si la meteorología no lo impide, en el <strong>patio de
    la <a
      href=""https://cultura.aytoburgos.es/web/ayuntamiento-de-burgos/-/biblioteca-miguel-de-cervantes"">biblioteca
      Miguel de Cervantes</a></strong>
  <a
  href=""https://cultura.aytoburgos.es/web/ayuntamiento-de-burgos/-/biblioteca-miguel-de-cervantes"">,</a>
  el día <strong>18 de junio</strong> a las 19.00 h.</p>",Agenda cultural,"Calle Serramagna, 10","2026-06-18 19:00:00","2026-06-18 20:15:00",https://cultura.aytoburgos.es/agenda-cultural?p_p_id=as_asac_calendar_suite_CalendarSuitePortlet_INSTANCE_RyizIZtCvgG3&_as_asac_calendar_suite_CalendarSuitePortlet_INSTANCE_RyizIZtCvgG3_calendarPath=/html/suite/displays/detail.jsp&_as_asac_calendar_suite_CalendarSuitePortlet_INSTANCE_RyizIZtCvgG3_calendarBookingId=123098912&p_p_state=pop_up,-3.7157217,42.3423765
"6ecf100d-555f-4113-b9d9-0fcb4754f30b",304588,123635816,123635816,123635816,311561,Escuela Municipal de Teatro,"<p style=""text-align: justify;"">
  <span style=""font-size: 12.0pt;"">
    <span style=""font-family: Arial , sans-serif;"">
      <span style=""color: black;"">
        <span style=""font-size: 11.0pt;"">La promoción saliente de la
          Escuela Municipal de Teatro estrena en las tablas del Teatro
          Principal de Burgos</span>
        <span style=""font-size: 11.0pt;"">
          <span style=""font-family: Calibri , sans-serif;""> “</span></span>
        <span style=""font-size: 11.0pt;"">Yo soy el viento” del
          dramaturgo noruego Jon Fosse (Premio Nobel de Literatura en
          2023), una pieza de una delicadeza inquietante que se mueve
          entre lo visible y lo inasible, entre el diálogo y el silencio.</span></span></span></span></p>
<p style=""text-align: justify;"">
  <span style=""font-size: 12.0pt;"">
    <span style=""font-family: Arial , sans-serif;"">
      <span style=""color: black;"">
        <span style=""font-size: 11.0pt;"">La obra nos sitúa en una
          pequeña embarcación a la deriva en medio del mar, donde dos
          figuras (el Uno y el Otro) comparten un trayecto que pronto
          deja de ser físico para volverse profundamente existencial. La
          obra avanza como una lenta deriva hacia lo inevitable. El
          viaje en barco se revela entonces como una metáfora del
          tránsito hacia el límite: el final de la vida; pero, también,
          el enfrentamiento con uno mismo. En este sentido, el mar
          Báltico se convierte en un abismo íntimo, un espacio donde
          emergen las preguntas no resueltas, las decisiones que no se
          tomaron y las palabras que nunca se dijeron.</span></span></span></span></p>
<p style=""text-align: justify;"">
  <span style=""font-size: 12.0pt;"">
    <span style=""font-family: Arial , sans-serif;"">
      <span style=""color: black;"">
        <span style=""font-size: 11.0pt;"">Más que narrar una historia,
          “Yo soy el viento” propone una experiencia sensorial y
          emocional. Es una meditación sobre la soledad, la fragilidad
          del ser y la imposibilidad de comprender del todo al otro. En
          su aparente sencillez, la obra despliega una profunda
          reflexión sobre el deseo de desaparecer y el vértigo de
          existir, dejando al espectador suspendido en un estado de
          contemplación inquieta, como si también él estuviera a la
          deriva, escuchando el rumor del viento y del mar en su interior.</span></span></span></span></p>
<p style=""text-align: justify;"">
  <span style=""font-size: 12.0pt;"">
    <span style=""font-family: Arial , sans-serif;"">
      <span style=""color: black;"">
        <span style=""font-size: 11.0pt;"">Este es un excelente ejercicio
          para poner en valor el trabajo realizado por los alumnos de la
          XXXVII promoción a lo largo de los tres años de recorrido en
          la Escuela Municipal de Teatro. Un trabajo marcado por el
          sello del rigor profesional y el esfuerzo que imprimen los
          docentes de esta Escuela Municipal desde sus comienzos, que
          cuenta con el patrocinio del Ayuntamiento de Burgos.</span></span></span></span></p>
<p style=""text-align: justify;"">
  <span style=""font-size: 12.0pt;"">
    <span style=""font-family: Arial , sans-serif;"">
      <span style=""color: black;"">
        <b>
          <span style=""font-size: 11.0pt;"">Viernes 19 y sábado 20 de
            junio de 2026. 20:30 h. TEATRO. ESTRENO. Escuela Municipal
            de Teatro (XXXVII promoción): “Soy el viento” de Jon Fosse.
            Teatro Principal. Entrada: 5 €. (+ comisión de venta por
            internet). Programación de la Escuela Municipal de Teatro y
            el Ayuntamiento de Burgos.</span></b>
        <i>
          <span style=""font-size: 11.0pt;"">(Venta de entradas por
            internet o en taquillas habituales).</span></i></span></span></span></p>",Agenda cultural,Teatro Principal de Burgos,"2026-06-19 00:00:00","2026-06-20 23:59:00",https://cultura.aytoburgos.es/agenda-cultural?p_p_id=as_asac_calendar_suite_CalendarSuitePortlet_INSTANCE_RyizIZtCvgG3&_as_asac_calendar_suite_CalendarSuitePortlet_INSTANCE_RyizIZtCvgG3_calendarPath=/html/suite/displays/detail.jsp&_as_asac_calendar_suite_CalendarSuitePortlet_INSTANCE_RyizIZtCvgG3_calendarBookingId=123635816&p_p_state=pop_up,-3.7001996,42.3405624
"0ad28a8a-3d08-4df6-a06e-2433858eb0ac",304588,123116010,123116010,123116010,311561,Accesibilidad frente al silencio,"<p>
  <a href=""https://www.aransbur.org/"">ARANSBUR</a> lleva 49 años
  trabajando por las familias de las personas sordas en Burgos. En las
  más de 30 imágenes que componen esta exposición-que podrá visitarse
  del 2 al 19 de junio en la <a
    href=""https://cultura.aytoburgos.es/web/ayuntamiento-de-burgos/-/biblioteca-miguel-de-cervantes"">biblioteca
    Miguel de Cervantes</a>-, pretendemos mostrar la realidad de este
  colectivo. Las luces y sombras que iluminan u oscurecen su día a día. <br />
  <br /> Formamos parte de una realidad diversa y rica. Demostremos
  nuestro respeto a los demás acercándonos a ellos con empatía y
  tolerancia. Más aún en el caso de las personas sordas que tienen una
  discapacidad invisible, no perceptible a primera vista.<br /> La falta
  de acceso a la información o las barreras comunicativas suponen un
  lastre para su vida diaria: hacer una gestión burocrática, ir al
  dentista, llevar a una mascota al veterinario o atender una llamada
  son acciones sencillas para el resto de la sociedad, <span class=""text-decoration-underline"">
    <strong>no para ellos.</strong></span>
  <br />
  <br /> La lengua de signos, la presencia de intérpretes, el
  subtitulado, la instalación de bucles magnéticos, el compromiso de las
  administraciones o el uso de aplicaciones que transcriben a tiempo
  real pueden paliar y resolver parte de estos problemas. Es decir,
    <span class=""text-decoration-underline"">
    <strong>la accesibilidad frente al silencio</strong></span>
  <br />
  <br /> La exposición,<strong> cuenta con audioguía, signoguía y
    audiodescripción a través de códigos QR con tecnología NaviLens
  </strong>de la mano del centro especial de empleo, MQD.<br /> Además
    <strong>ofrece un circuito auditivo</strong> con dos actividades que
  tienen como objetivo ponerse en el lugar de una persona sorda y
  comprobar en la propia piel las dificultades que tienen a la hora de
  la comprensión de mensajes orales.</p>
<ul>
  <li>La primera actividad consiste en unir un listado con los
    diferentes tipos de pérdidas auditivas y usos de ayudas técnicas,
    con los audios de cómo escucha, aproximadamente, una persona sorda,
    dependiendo de esos niveles de pérdida y/o uso de ayuda técnica. </li>
  <li>La segunda actividad consiste en visualizar una serie de vídeos de
    muy corta duración, relativos a situaciones en diferentes ámbitos
    (educativo, jurídico, médico…) que no cuentan con audio, por lo que
    hay que intentar leer los labios y contestar posteriormente a una
    pregunta para comprobar cuál será su consecuencia dependiendo de lo
    que haya entendido y contestado.</li></ul>
<p>Tras estas dos dinámicas, se da una explicación de lo que se puede
  hacer para ayudar a la comprensión de esa persona sorda.<br />  </p>",Agenda cultural,"Calle Serramagna, 10","2026-06-19 09:00:00","2026-06-19 20:45:00",https://cultura.aytoburgos.es/agenda-cultural?p_p_id=as_asac_calendar_suite_CalendarSuitePortlet_INSTANCE_RyizIZtCvgG3&_as_asac_calendar_suite_CalendarSuitePortlet_INSTANCE_RyizIZtCvgG3_calendarPath=/html/suite/displays/detail.jsp&_as_asac_calendar_suite_CalendarSuitePortlet_INSTANCE_RyizIZtCvgG3_calendarBookingId=123116010&p_p_state=pop_up,-3.7157217,42.3423765
"75ac089d-301c-4af9-96a6-37f058f3e59e",304588,123100326,123100326,123100326,311561,Micro abierto,"<p>Bajo la batuta de Lylo, artista sobradamente conocida en la ciudad
  por sus enérgicas actuaciones en la mayor parte de las salas de la
  ciudad, tendrá lugar esta actividad de libre participación que ya
  hemos realizado en otras ediciones y que pretende promover y difundir
  a los autores locales, aproximando su música a los ciudadanos, con el
  fin de hacerlos más cercanos y conocidos entre los aficionados y el
  público en general, además de potenciar la presencia de la Biblioteca
  en todo lo relacionado con la creación, difusión y conservación en el
  ámbito de la cultura local.<br />
  <br /> Para participar<strong> puedes inscribirte mandando un MD a
    @lalylo_oficial. </strong>Con ella al timón, nada puede salir mal!!! <br />
  <br /> Con esta actividad cerraremos estas <a
    href=""https://cultura.aytoburgos.es/-/ix-jornadas-de-la-musica-local"">novenas
    jornadas dedicadas a la música local</a> en la <a
    href=""https://cultura.aytoburgos.es/web/ayuntamiento-de-burgos/-/biblioteca-miguel-de-cervantes"">biblioteca
    Miguel de Cervantes</a>.<br /> Será, si la meteorología lo permite,
  en <strong>el patio de la biblioteca el viernes, 19 de junio
  </strong>a las 18.30 h.</p>",Agenda cultural,"Calle Serramagna, 10","2026-06-19 18:30:00","2026-06-19 20:30:00",https://cultura.aytoburgos.es/agenda-cultural?p_p_id=as_asac_calendar_suite_CalendarSuitePortlet_INSTANCE_RyizIZtCvgG3&_as_asac_calendar_suite_CalendarSuitePortlet_INSTANCE_RyizIZtCvgG3_calendarPath=/html/suite/displays/detail.jsp&_as_asac_calendar_suite_CalendarSuitePortlet_INSTANCE_RyizIZtCvgG3_calendarBookingId=123100326&p_p_state=pop_up,-3.7157217,42.3423765
"9614de67-26af-4fbb-9e9e-1343179091b9",304588,123116010,123116010,123116010,311561,Accesibilidad frente al silencio,"<p>
  <a href=""https://www.aransbur.org/"">ARANSBUR</a> lleva 49 años
  trabajando por las familias de las personas sordas en Burgos. En las
  más de 30 imágenes que componen esta exposición-que podrá visitarse
  del 2 al 19 de junio en la <a
    href=""https://cultura.aytoburgos.es/web/ayuntamiento-de-burgos/-/biblioteca-miguel-de-cervantes"">biblioteca
    Miguel de Cervantes</a>-, pretendemos mostrar la realidad de este
  colectivo. Las luces y sombras que iluminan u oscurecen su día a día. <br />
  <br /> Formamos parte de una realidad diversa y rica. Demostremos
  nuestro respeto a los demás acercándonos a ellos con empatía y
  tolerancia. Más aún en el caso de las personas sordas que tienen una
  discapacidad invisible, no perceptible a primera vista.<br /> La falta
  de acceso a la información o las barreras comunicativas suponen un
  lastre para su vida diaria: hacer una gestión burocrática, ir al
  dentista, llevar a una mascota al veterinario o atender una llamada
  son acciones sencillas para el resto de la sociedad, <span class=""text-decoration-underline"">
    <strong>no para ellos.</strong></span>
  <br />
  <br /> La lengua de signos, la presencia de intérpretes, el
  subtitulado, la instalación de bucles magnéticos, el compromiso de las
  administraciones o el uso de aplicaciones que transcriben a tiempo
  real pueden paliar y resolver parte de estos problemas. Es decir,
    <span class=""text-decoration-underline"">
    <strong>la accesibilidad frente al silencio</strong></span>
  <br />
  <br /> La exposición,<strong> cuenta con audioguía, signoguía y
    audiodescripción a través de códigos QR con tecnología NaviLens
  </strong>de la mano del centro especial de empleo, MQD.<br /> Además
    <strong>ofrece un circuito auditivo</strong> con dos actividades que
  tienen como objetivo ponerse en el lugar de una persona sorda y
  comprobar en la propia piel las dificultades que tienen a la hora de
  la comprensión de mensajes orales.</p>
<ul>
  <li>La primera actividad consiste en unir un listado con los
    diferentes tipos de pérdidas auditivas y usos de ayudas técnicas,
    con los audios de cómo escucha, aproximadamente, una persona sorda,
    dependiendo de esos niveles de pérdida y/o uso de ayuda técnica. </li>
  <li>La segunda actividad consiste en visualizar una serie de vídeos de
    muy corta duración, relativos a situaciones en diferentes ámbitos
    (educativo, jurídico, médico…) que no cuentan con audio, por lo que
    hay que intentar leer los labios y contestar posteriormente a una
    pregunta para comprobar cuál será su consecuencia dependiendo de lo
    que haya entendido y contestado.</li></ul>
<p>Tras estas dos dinámicas, se da una explicación de lo que se puede
  hacer para ayudar a la comprensión de esa persona sorda.<br />  </p>",Agenda cultural,"Calle Serramagna, 10","2026-06-20 09:00:00","2026-06-20 20:45:00",https://cultura.aytoburgos.es/agenda-cultural?p_p_id=as_asac_calendar_suite_CalendarSuitePortlet_INSTANCE_RyizIZtCvgG3&_as_asac_calendar_suite_CalendarSuitePortlet_INSTANCE_RyizIZtCvgG3_calendarPath=/html/suite/displays/detail.jsp&_as_asac_calendar_suite_CalendarSuitePortlet_INSTANCE_RyizIZtCvgG3_calendarBookingId=123116010&p_p_state=pop_up,-3.7157217,42.3423765
"294bbe7b-0e43-483e-8a5c-abc0755cf690",304588,123644908,123644908,123644908,311561,ORFEÓN BURGALÉS,"<p style=""text-align: justify;"">
  <span style=""font-size: 11.0pt;"">
    <span style=""font-family: Arial , sans-serif;"">“Donde habita el
      amor” es un viaje musical a través de distintas formas de entender
      y sentir el amor: desde la raíz popular y la tradición de la
      tierra, pasando por la emoción del corazón, hasta la dimensión más
      espiritual y trascendente del alma.</span></span></p>
<p style=""text-align: justify;"">
  <span style=""font-size: 11.0pt;"">
    <span style=""font-family: Arial , sans-serif;"">El programa,
      interpretado por el Orfeón Burgalés bajo la dirección de Marta
      Pilar Hernando y con Natalia González Saiz al piano, reúne obras
      de gran sensibilidad y riqueza coral. En él se combina el
      repertorio popular y el contemporáneo, el local y el internacional.</span></span></p>
<p style=""text-align: justify;"">
  <span style=""font-size: 11.0pt;"">
    <span style=""font-family: Arial , sans-serif;"">Con este concierto,
      enmarcado dentro de las fiestas de San Pedro y San Pablo de Burgos
      2026, el Orfeón Burgalés propone un encuentro cercano y emotivo
      con la música coral, capaz de unir culturas, emociones y
      generaciones a través de la voz humana</span></span></p>
<p style=""text-align: justify;"">
  <span style=""font-size: 11.0pt;"">
    <span style=""font-family: Arial , sans-serif;"">
      <b>Martes 23 de junio de 2026. 20:30 h. FIESTAS DE S. PEDRO Y S.
        PABLO. CONCIERTO EXTRAORDINARIO DE FIESTAS. Orfeón Burgalés.
        Dirección: Marta Pilar Hernando. “Donde habita el amor”. Obras
        de M.Á. Palacios, J. Domínguez, B. Ollen, E. Hagenberg y otros.
        Teatro Principal. Entrada: 5 € (+ comisión de venta por
        internet). Programación del Ayuntamiento de Burgos.</b></span></span></p>
<p style=""text-align: justify;"">
  <span style=""font-size: 11.0pt;"">
    <span style=""font-family: Arial , sans-serif;"">
      <i>(Entradas próximamente a la venta por internet o en taquillas habituales)</i></span></span></p>",Agenda cultural,Teatro Principal de Burgos,"2026-06-23 20:30:00","2026-06-23 22:00:00",https://cultura.aytoburgos.es/agenda-cultural?p_p_id=as_asac_calendar_suite_CalendarSuitePortlet_INSTANCE_RyizIZtCvgG3&_as_asac_calendar_suite_CalendarSuitePortlet_INSTANCE_RyizIZtCvgG3_calendarPath=/html/suite/displays/detail.jsp&_as_asac_calendar_suite_CalendarSuitePortlet_INSTANCE_RyizIZtCvgG3_calendarBookingId=123644908&p_p_state=pop_up,-3.7001996,42.3405624
be5a01c5-9628-4919-b7fa-54e8e3aa38a6,304588,123104866,123104866,123104866,311561,El abrazo de la muerte (Cine para no olvidear),"<p>
  <strong>El 25 de junio </strong>continuamos
    con<strong> </strong>el ciclo <a
    href=""https://www.aytoburgos.es/en/web/cultura/-/cine-para-no-olvidar-2026"">“Cine
    para no olvidar” </a>de 2026 en la <a
    href=""https://cultura.aytoburgos.es/web/ayuntamiento-de-burgos/-/biblioteca-miguel-de-cervantes"">Biblioteca
    «Miguel de Cervantes</a>», a las 18:30 h con la proyección de la
    película <strong>&quot;El abrazo de la muerte&quot;</strong></p>
<p>
  <a href=""https://youtu.be/2sXhp1vRWy0?si=lj2kRQq232SNs209"">Cine
  negro</a> dirigido por <a
    href=""https://es.wikipedia.org/wiki/Robert_Siodmak"">Robert
  Siodmak</a> en 1949 y protagonizada por <a
    href=""https://es.wikipedia.org/wiki/Burt_Lancaster"">Burt
  Lancaster</a>, <a
    href=""https://es.wikipedia.org/wiki/Yvonne_De_Carlo"">Yvonne De
  Carlo</a> y <a href=""https://es.wikipedia.org/wiki/Dan_Duryea"">Dan Duryea</a></p>
<p>Un hombre honrado es arrastrado al sórdido mundo de la corrupción por
  el influjo de una &quot;femme-fatale&quot;, tan bella como misteriosa.</p>
<p>Según la crítica es <span class=""font-italic"">&quot;una historia
    maravillosamente sórdida (...) El suspense se mantiene con un ritmo
    tenso, con precisión visual y con una excelente caracterización.&quot;</span></p>
<p>
  <strong>Entrada libre y gratuita hasta completar aforo de 56 localidades.</strong></p>",Agenda cultural,"Calle Serramagna, 10","2026-06-25 18:30:00","2026-06-25 20:00:00",https://cultura.aytoburgos.es/agenda-cultural?p_p_id=as_asac_calendar_suite_CalendarSuitePortlet_INSTANCE_RyizIZtCvgG3&_as_asac_calendar_suite_CalendarSuitePortlet_INSTANCE_RyizIZtCvgG3_calendarPath=/html/suite/displays/detail.jsp&_as_asac_calendar_suite_CalendarSuitePortlet_INSTANCE_RyizIZtCvgG3_calendarBookingId=123104866&p_p_state=pop_up,-3.7157217,42.3423765
dcca402d-cc0e-4162-91b4-cd43f6c8d0ad,304588,123635876,123635876,123635876,311561,ORFEÓN BURGALÉS INFANTIL Y JUVENIL,"<p style=""text-align: justify;"">
  <span style=""font-size: 11.0pt;"">
    <span style=""font-family: Arial , sans-serif;"">El Orfeón Burgalés
      Infantil (1972) y el Orfeón Burgalés Juvenil (2014) son dos
      agrupaciones pertenecientes a la Sociedad Coral Orfeón Burgalés
      que tienen como objetivo fundamental formar en la musical coral a
      niños y jóvenes de la ciudad de Burgos. Para ello, realizan un
      trabajo continuado de técnica vocal y de ensayos que este curso
      culmina con la celebración de este concierto: “Emociones”. </span></span></p>
<p style=""text-align: justify;"">
  <span style=""font-size: 11.0pt;"">
    <span style=""font-family: Arial , sans-serif;"">Estas son emociones
      grandes y pequeñas hechas música, que van desde la alegría del
      juego infantil a la profundidad del sentimiento religioso, desde
      la melancolía por las personas que hemos dejado marchar hasta la
      reivindicación de nuestra propia voz. </span></span></p>
<p style=""text-align: justify;"">
  <span style=""font-size: 11.0pt;"">
    <span style=""font-family: Arial , sans-serif;"">Este curso ha sido
      muy ilusionante para ambas agrupaciones al compartir escenario con
      directores de la talla de Pedro Bartolomé, Ulises Illán o Josu
      Elberdin, así como con grandes músicos y cantantes que hacen
      también grande la música coral. A todos ellos va dedicado este
      concierto cargado de emociones.</span></span></p>
<p style=""text-align: justify;"">
  <span style=""font-size: 11.0pt;"">
    <span style=""font-family: Arial , sans-serif;"">
      <b>jueves 25 de junio de 2026. 20:00 h. FIESTAS DE S. PEDRO Y S.
        PABLO. CONCIERTO. Orfeón Burgalés Infantil. Orfeón Burgalés
        Juvenil. Dirección: Ana Ayala. “Emociones”. Obras de Elberdin,
        Laboa, Coen, Chilcott, Papoulis y otros. Capilla de Música de
        las Bernardas (Sala Salvador Vega). Entrada: 2 € (+ comisión de
        venta por internet).. Programación del Ayuntamiento de Burgos.</b></span></span></p>
<p style=""text-align: justify;"">
  <span style=""font-size: 11.0pt;"">
    <span style=""font-family: Arial , sans-serif;"">
      <i>(Entradas próximamente a la venta por internet o en taquillas habituales)</i></span></span></p>",Agenda cultural,"calle calzadas 1, burgos","2026-06-25 20:00:00","2026-06-25 21:00:00",https://cultura.aytoburgos.es/agenda-cultural?p_p_id=as_asac_calendar_suite_CalendarSuitePortlet_INSTANCE_RyizIZtCvgG3&_as_asac_calendar_suite_CalendarSuitePortlet_INSTANCE_RyizIZtCvgG3_calendarPath=/html/suite/displays/detail.jsp&_as_asac_calendar_suite_CalendarSuitePortlet_INSTANCE_RyizIZtCvgG3_calendarBookingId=123635876&p_p_state=pop_up,-3.6956229,42.3432541
ccd20f47-7f14-4e22-8fbb-f85964c96ec3,304588,123644967,123644967,123644967,311561,EL BARBERO DE SEVILLA Zarzuela,"<p style=""text-align: justify;"">
  <span style=""font-size: 12.0pt;"">
    <span style=""line-height: 12.0pt;"">
      <span style=""font-family: Arial , sans-serif;"">
        <span style=""font-size: 11.0pt;"">
          <span style=""color: black;"">La Asociación Juventudes Musicales
            de Burgos continúa su V Temporada Lírica en el Teatro
            Principal de Burgos el domingo 28 y el lunes 29 de junio </span></span>
        <span style=""font-size: 11.0pt;"">con la zarzuela “El barbero de
          Sevilla”, con música de Gerónimo Giménez y Manuel Nieto y
          libreto de Guillermo Perrín y Vico y Miguel de Palacios. Como
          en anteriores, esta quinta edición cuenta con<span
            style=""color: black;""> el patrocinio y la colaboración del
            Ayuntamiento de Burgos y Fundación Caja de Burgos. </span></span></span></span></span></p>
<p style=""text-align: justify;"">
  <span style=""font-size: 12.0pt;"">
    <span style=""line-height: 12.0pt;"">
      <span style=""font-family: Arial , sans-serif;"">
        <span style=""font-size: 11.0pt;"">
          <span style=""color: black;"">Con dirección musical de Pedro
            Bartolomé y dirección de escena a cargo de Roberto Méndez,
            la Joven Orquesta Sinfónica de Burgos y un nutrido elenco de
            cantantes solistas ponen en pie esta versión de “El barbero
            de Sevilla”, una popular zarzuela estrenada en 1874, que es
            una de las grandes joyas del género chico español.
            Ambientada en el Madrid del siglo XVIII, mezcla intrigas
            políticas, enredos amorosos y un vibrante retrato castizo.
            Con una música brillante y dinámica, “El barberillo de
            Sevilla”<i></i>destaca por su frescura, ritmo teatral y
            colorido orquestal, lo que ofrece al público una experiencia
            llena de humor y vitalidad.</span></span></span></span></span></p>
<p style=""text-align: justify;"">
  <span style=""font-size: 12.0pt;"">
    <span style=""line-height: 12.0pt;"">
      <span style=""font-family: Arial , sans-serif;"">
        <span style=""font-size: 11.0pt;"">
          <span style=""color: black;"">En este nuevo espectáculo de la
            quinta temporada lírica con raíces burgalesas, artistas y
            otros profesionales de la ciudad siguen uniendo fuerzas para
            trabajar de manera conjunta en pro de la cultura de su
            entorno más cercano.</span></span></span></span></span></p>
<p style=""text-align: justify;"">
  <span style=""font-size: 12.0pt;"">
    <span style=""line-height: 12.0pt;"">
      <span style=""font-family: Arial , sans-serif;"">
        <b>
          <span style=""font-size: 11.0pt;"">Domingo 28 y lunes 29 de
            junio de 2026. 21:00 h. FIESTAS DE S. PEDRO Y S. PABLO. V
            TEMPORADA LÍRICA DE BURGOS. ZARZUELA. “El barbero de
            Sevilla” (Música: Gerónimo Giménez y Manuel Nieto. Libreto:
            Guillermo Perrín y Vico y Miguel de Palacios). Joven
            Orquesta Sinfónica de Burgos. Dirección de escena: Roberto
            Méndez. Dirección musical: Pedro Bartolomé Arce. Teatro
            Principal de Burgos. Zona A: 30 €, Zona B: 24 €, Zona C: 15
            €, Zona D: 12 € (+ comisión de venta por internet).
            Programación conjunta Ayuntamiento de Burgos y Fundación
            Caja de Burgos.</span></b></span></span></span></p>
<p style=""text-align: justify;"">
  <span style=""font-size: 12.0pt;"">
    <span style=""font-family: Arial , sans-serif;"">
      <i>
        <span style=""font-size: 11.0pt;"">(Venta de entradas por internet
          o en taquillas habituales)</span></i></span></span></p>",Agenda cultural,Teatro Principal de Burgos,"2026-06-28 13:00:00","2026-06-29 14:00:00",https://cultura.aytoburgos.es/agenda-cultural?p_p_id=as_asac_calendar_suite_CalendarSuitePortlet_INSTANCE_RyizIZtCvgG3&_as_asac_calendar_suite_CalendarSuitePortlet_INSTANCE_RyizIZtCvgG3_calendarPath=/html/suite/displays/detail.jsp&_as_asac_calendar_suite_CalendarSuitePortlet_INSTANCE_RyizIZtCvgG3_calendarBookingId=123644967&p_p_state=pop_up,-3.7001996,42.3405624
cea994f4-a1f1-46a5-8de5-627ade1dd4ec,304588,122867908,122867908,122867908,311561,Exposición 25 años Certamen Internacional de coreografía Burgos & Nueva York,"",Agenda cultural,sala de exposiciones del Teatro Principal,"2026-07-01 13:00:00","2026-08-30 14:00:00",https://cultura.aytoburgos.es/agenda-cultural?p_p_id=as_asac_calendar_suite_CalendarSuitePortlet_INSTANCE_RyizIZtCvgG3&_as_asac_calendar_suite_CalendarSuitePortlet_INSTANCE_RyizIZtCvgG3_calendarPath=/html/suite/displays/detail.jsp&_as_asac_calendar_suite_CalendarSuitePortlet_INSTANCE_RyizIZtCvgG3_calendarBookingId=122867908&p_p_state=pop_up,,
"167da697-4aa5-4f1d-b4ec-cd7f7947247a",304588,123492819,123492819,123492819,311561,ALBERTO BAÑUELOS. ESCULTURA,"<p style=""margin-bottom: 11.0px;"">
  <span style=""font-size: 11.0pt;"">
    <span style=""line-height: 107.0%;"">
      <span style=""font-family: Calibri , sans-serif;"">
        <b>ALBERTO BAÑUELOS EN EL ARCO DE SANTA MARÍA</b></span></span></span></p>
<p style=""margin-bottom: 11.0px;""> </p>
<p style=""margin-bottom: 11.0px;""> </p>
<p align=""right"" style=""text-align: right;"">
  <span style=""font-size: 11.0pt;"">
    <span style=""line-height: 107.0%;"">
      <span style=""font-family: Calibri , sans-serif;"">
        <i>
          <span style=""background: rgb(251,250,244);"">
            <span style=""font-family: Cambria , serif;"">Todo el arte
              debería tener cierto misterio</span></span></i></span></span></span></p>
<p align=""right"" style=""text-align: right;"">
  <span style=""font-size: 11.0pt;"">
    <span style=""line-height: 107.0%;"">
      <span style=""font-family: Calibri , sans-serif;"">
        <i>
          <span style=""background: rgb(251,250,244);"">
            <span style=""font-family: Cambria , serif;""> y debería
              exigir algo del espectador. </span></span></i></span></span></span></p>
<p align=""right"" style=""text-align: right;"">
  <span style=""font-size: 11.0pt;"">
    <span style=""line-height: 107.0%;"">
      <span style=""font-family: Calibri , sans-serif;"">
        <i>
          <span style=""background: rgb(251,250,244);"">
            <span style=""font-family: Cambria , serif;"">Henri Moore</span></span></i></span></span></span></p>
<p style=""text-align: justify;margin-bottom: 11.0px;"">
  <span style=""font-size: 11.0pt;"">
    <span style=""line-height: 107.0%;"">
      <span style=""font-family: Calibri , sans-serif;"">Cuando Constantin
        Brancusi, Henri Moore y otros más lanzaron al mundo sus
        creaciones de geometrías abstractas o pulidas superficies,
        rompiendo con siglos de mímesis, para apelar al concepto y al
        sentimiento estético por encima de cualquier otra consideración,
        estaban sentando las bases de una nueva escultura. Desde entones
        muchos han seguido caminando por la senda, de suerte que ya es
        ancha vía que recoge tantas propuestas como podamos imaginar.
        Este verano, en el pétreo Arco de Santa María de Burgos, su
        tierra, Alberto Bañuelos Fournier nos enseña cómo transita él
        ese camino, abriendo nuevas posibilidades estéticas entre la más
        dura piedra y el muy blando algodón. Su generosidad ha permitido
        viajar de su taller a la sala de exposiciones una exquisita
        selección de obra.</span></span></span></p>
<p style=""text-align: justify;margin-bottom: 11.0px;"">
  <span style=""font-size: 11.0pt;"">
    <span style=""line-height: 107.0%;"">
      <span style=""font-family: Calibri , sans-serif;"">
        <b>La blandura de la piedra</b></span></span></span></p>
<p style=""text-align: justify;margin-bottom: 11.0px;"">
  <span style=""font-size: 11.0pt;"">
    <span style=""line-height: 107.0%;"">
      <span style=""font-family: Calibri , sans-serif;"">Llegamos a su
        mundo de ermitaño, de soledad creadora (la gente libre siempre
        está sola), en Madrid pero lejos de cualquier bullicio
        capitalino. Amable, pausado pero locuaz, de exquisita educación.
        Es abrir la puerta del taller y oírle decir: “yo no discuto con
        la piedra”. Rotunda afirmación. Entonces, le digo ¿la piedra
        manda? Por supuesto que lo intenta, pero gana el escultor, sin
        discutir, llevándola a donde quieres que llegue. Y eso ¿cómo se
        hace? Con la cabeza. Las manos solo son herramientas
        adiestradas. La escultura se hace con la cabeza.</span></span></span></p>
<p style=""text-align: justify;margin-bottom: 11.0px;"">
  <span style=""font-size: 11.0pt;"">
    <span style=""line-height: 107.0%;"">
      <span style=""font-family: Calibri , sans-serif;"">Quizá basten
        estas palabras para explicar todo lo que hay tras la obra de
        Alberto Bañuelos (Burgos, 1949), el más internacional de los
        escultores burgaleses, el más reconocido, quien más abrumador
        currículo presenta. Pero un escultor como Bañuelos es algo más
        que una lista de exposiciones, galardones y bibliografía. Es
        alguien que nos emociona con su obra, que para eso nació el
        arte, para emocionar.</span></span></span></p>
<p style=""text-align: justify;margin-bottom: 11.0px;"">
  <span style=""font-size: 11.0pt;"">
    <span style=""line-height: 107.0%;"">
      <span style=""font-family: Calibri , sans-serif;"">A quienes se nos
        ha permitido entrar en el mundo creativo de Alberto Bañuelos se
        nos ha dado el privilegio de asistir al proceso. En toda obra de
        arte es visible solo una parte del procedimiento total, porque
        la verdadera obra artística, el hecho artístico, es una
        construcción metal. Pero, ya que no podemos “vivir”, ni siquiera
        por un momento, dentro del engranaje creador, al menos podemos
        asomarnos al mundo germinal de la obra en el taller.</span></span></span></p>
<p style=""text-align: justify;margin-bottom: 11.0px;"">
  <span style=""font-size: 11.0pt;"">
    <span style=""line-height: 107.0%;"">
      <span style=""font-family: Calibri , sans-serif;"">Podríamos pensar,
        y nos equivocaríamos, que el trabajo con grandes piedras es lo
        más importante de la obra de Bañuelos. Pero me atrevo a señalar
        que no es así: acuso a Bañuelos de hacernos creer que es un
        hombre rudo de colosales creaciones. Pero la verdad, la que
        vemos en su estudio, es que Alberto Bañuelos cuando lleva al
        mundo material su mundo interior (la idea siempre lo primero),
        lo hace en maquetas, en pequeñas formas en escayola, en madera,
        ¡con patatas!, a escala de juguete, que acaricia y acuna en sus
        recias manos. Así, como un niño jugando con sus construcciones,
        va dando opciones al volumen y al espacio, hasta que da con lo
        que andaba buscando. O quizá con aquello que más se parece a lo
        que aspiraba. Y entonces, solo entonces, cuando va a por la
        piedra, a por ese canto que cada día le interpela y espera en el
        almacén (quizá desde hace años), ahora sí, llega el momento del
        corte, el golpe, el trabajo de cantero que, dominador del
        oficio, alcanza a domeñar el duro material. Es la ocasión de
        controlar el azar, de luchar con esa veta, esa tara oculta del
        bloque, ese color inesperado escondido y revelador que se
        convierte en cómplice. El material manda mucho, no se puede
        discutir con él, y controlar el azar es parte del oficio. A
        veces, incluso con insolencia mejora lo pensado. Estamos ante
        alguien que aprendió a ser artista, primero como incansable
        dibujante, luego en la cuna de que todo escultor debería habitar
        por un tiempo: Carrara. Cuando hoy llega a su estudio piedra
        aragonesa de Calatorao, de canteras y minas de Bélgica o
        Zimbabue, de los volcanes catalanes, o los enormes cantos
        rodados de cualquier otro lugar, en el fondo siempre está
        volviendo a Carrara, a su aprendizaje. Cada material requiere
        una forma de trabajar, y en todas es Bañuelos maestro, aunque,
        como el mismo dice, lo suyo es el oficio de cantero sublimado en
        creación. Como mero oficio “cualquier cantero gallego es mejor
        que yo en eso”, reconoce, así que él ha de exigirse más, para,
        aplicando su mucho saber, llevar el trabajo de corte y golpe a
        la nobleza del arte.</span></span></span></p>
<p style=""text-align: justify;margin-bottom: 11.0px;"">
  <span style=""font-size: 11.0pt;"">
    <span style=""line-height: 107.0%;"">
      <span style=""font-family: Calibri , sans-serif;"">Para llegar a
        tanta belleza, a la emoción del arte, hay que contradecir la
        naturaleza misma. Porque, como el propio escultor sabe, no hay
        nada más acabado que un canto rodado, y sin embargo él ha de
        convertirlo en una obra diferente, tomado por materia primeriza
        lo que ya está concluido tras milenios de trabajo geológico. Ha
        escrito René Payo que en las formulaciones estéticas de la obra
        de Bañuelos “lo primario y lo transformado se unen sin solución
        de continuidad”. De ese modo llega a la esencia de la “llamada
        de la piedra”, como él mismo reconoce, que le pide una u otra
        forma final. Para ello hace falta la seriedad del trabajo
        intelectual, profundo, reflexivo y metódico, alimentado de
        lecturas, de exposiciones, de museos, de formación constante. El
        escultor de la materia dura es tremendamente sensible por
        dentro, pues sin la emoción de la poesía no hay obra de arte.
        “La obra de arte es sincera o no es”, defiende con vehemencia
        Bañuelos, con un brillo de fuego en los ojos. Y se es sincero
        cuando a la piedra, al papel o al material que sea, se llega
        tras mucho pensar, reflexionar, ponderar. Tras deconstruir, a lo
        Jacques Derrida, te dirá quien fuera estudiante de sociología.</span></span></span></p>
<p style=""text-align: justify;margin-bottom: 11.0px;"">
  <span style=""font-size: 11.0pt;"">
    <span style=""line-height: 107.0%;"">
      <span style=""font-family: Calibri , sans-serif;"">“El vacío en del
        centro de la piedra”. Me presta Blas de Otero el endecasílabo
        para llamar la atención sobre una parte fundamental en la obra
        que vemos en esta exposición: las piedras que esconden, en su
        centro, un vacío que sentimos palpitante, vivo, cambiante con la
        entrada de la luz hasta su interior, de suerte que según el
        momento, o el ángulo de visión, la escultura recia y enérgica en
        su exterior se convierte en cámara de maravillas en su hueco
        corazón.  No es extraña la admiración por Oteiza, maestro del
        vacío. Quizá sus palabras nos ayuden a entender: afirmaba el
        escultor vasco que “el espacio no es un sitio donde se pone una
        escultura, sino el sitio que se desaloja, que se hace estatua”.
        Los vacíos del vasco son los vacíos de Bañuelos: la escultura
        como matriz protectora de cavernas de líneas rectas, remedo de
        ciclópeas construcciones. No podemos irnos de la exposición sin,
        con curiosidad de infantes, asomarnos a esos interiores.</span></span></span></p>
<p style=""text-align: justify;margin-bottom: 11.0px;"">
  <span style=""font-size: 11.0pt;"">
    <span style=""line-height: 107.0%;"">
      <span style=""font-family: Calibri , sans-serif;"">
        <b>Y la dureza del papel</b></span></span></span></p>
<p style=""text-align: justify;margin-bottom: 11.0px;"">
  <span style=""font-size: 11.0pt;"">
    <span style=""line-height: 107.0%;"">
      <span style=""font-family: Calibri , sans-serif;"">“La historia de
        la humanidad se ha escrito en piedra y algodón”, sentencia
        Alberto Bañuelos, dando así por explicada su querencia por ambos materiales.</span></span></span></p>
<p style=""text-align: justify;margin-bottom: 11.0px;"">
  <span style=""font-size: 11.0pt;"">
    <span style=""line-height: 107.0%;"">
      <span style=""font-family: Calibri , sans-serif;"">Los futuristas
        defendieron, hace ya un siglo, que la nueva plástica sería
        aquella que tradujera cualquier materia en planos atmosféricos
        que desvelaran algo. Bañuelos lo consigue: es por tanto
        vanguardia, pero no es modernidad, valga la paradoja. Su
        escultura se hunde en lo antropológico, en lo más ancestral. Hay
        algo atávico, que retrocede en lo más hondo de la historia del
        hombre sobre la tierra, en esa obsesión por transmitir todo el
        sentir o el saber, la narración completa, a través de la piedra
        y el algodón hecho papel. De lo más duro, de esos cantos rodados
        gigantes, fruto de millones de años de choques y roces de
        erosión en caudalosos ríos antediluvianos, a lo más blando, el
        leve algodón que en prodigiosa alquimia con el agua se convierte
        en papel, aparentemente blando, pero recio soporte para ser
        rasgado, roto en ventanas de simuladas escrituras milenarias.
         Calvo Serraller escribió que los principales maestros de la
        vanguardia histórica “avanzaban retrocediendo”, auscultando
        siglos de civilización anterior al hombre contaminado, y que esa
        intuición estética es el llamado “presente eterno”.  Por eso
        vemos en sus bloques, los <i>guerreros</i>, cabezas olmecas,
        dioses mayas y aztecas, un severo mundo precolombino, y en sus
        papeles supuestas escrituras cuneiformes, narraciones
        fantásticas de dioses implacables y feroces gobernantes de un
        pasado tan imaginario que a la postre es tan real como la
        materia que lo sustenta.</span></span></span></p>
<p style=""text-align: justify;margin-bottom: 11.0px;"">
  <span style=""font-size: 11.0pt;"">
    <span style=""line-height: 107.0%;"">
      <span style=""font-family: Calibri , sans-serif;"">Esculpir con
        papel es uno de las singularidades de la creación de Bañuelos.
        Paciente, como siempre, amasa la materia con el agua y fabrica
        las untuosas láminas que, convertidas al secarse en recias
        planchas, admiten el rasgado y el agujereado, de modo que las
        dos dimensiones transmutan en relieves. Verticales relieves que
        nos obligan a reflexión, a cumplir con nuestra obligación de
        espectadores y terminar la obra. Y en esos papeles rotos caben
        las simuladas escrituras, indescifrables pero atrayentes. No se
        entienden, claro. ¿Cómo se van a entender si a decir de Ortega y
        Gasset “la misión del artista es ser otro lenguaje”? En otras
        ocasiones el roto simula ventanas a mundos desconocidos de negro
        betún, (otra vez el lleno y el vacío, la esencia de la
        escultura), o aparentes lagos de profundidad oscura y
        misteriosa. Nos obliga el escultor a pensar, a imaginar, a
        compartir el proceso creador. Por eso defiendo que estamos ante
        un verdadero artista, aquel que interpela, inquieta y seduce.</span></span></span></p>
<p align=""right"" style=""text-align: right;"">
  <span style=""font-size: 11.0pt;"">
    <span style=""line-height: 107.0%;"">
      <span style=""font-family: Calibri , sans-serif;"">Ignacio González
        de Santiago</span></span></span></p>
<p align=""right"" style=""text-align: right;"">
  <span style=""font-size: 11.0pt;"">
    <span style=""line-height: 107.0%;"">
      <span style=""font-family: Calibri , sans-serif;"">Real Academia
        Burgense de Historia y Bellas Artes. Institución Fernán González</span></span></span></p>",Agenda cultural,sala de exposiciones del Arco de Santa María,"2026-07-10 12:00:00","2026-09-06 13:00:00",https://cultura.aytoburgos.es/agenda-cultural?p_p_id=as_asac_calendar_suite_CalendarSuitePortlet_INSTANCE_RyizIZtCvgG3&_as_asac_calendar_suite_CalendarSuitePortlet_INSTANCE_RyizIZtCvgG3_calendarPath=/html/suite/displays/detail.jsp&_as_asac_calendar_suite_CalendarSuitePortlet_INSTANCE_RyizIZtCvgG3_calendarBookingId=123492819&p_p_state=pop_up,,
