"id","app_id","name","short_name","description","initial_time","final_time","movement_timeout_s","display_order","status","all_center","operation_id","nodes","nodes_ids","active","insert_date","update_date"
36552,20212021015,Entrada Castanares,Entrada Castanares,Entrada Castanares,2025-03-17 12:29:17.000,,36000,1178,1,0,0,98411476724,98411476724,1,2026-06-05 10:12:05.398 +0200,
36550,20212021015,Entrada Calle Vitoria,Entrada Calle Vitori,Entrada Calle Vitoria,2025-03-17 12:29:05.000,,36000,1180,1,0,0,98411476722,98411476722,1,2026-06-05 10:12:05.398 +0200,
36549,20212021015,Monasterio de San Juan,Monasterio de San Ju,Monasterio de San Juan,2025-03-17 12:28:59.000,,36000,1183,1,0,0,98411476721,98411476721,1,2026-06-05 10:12:05.398 +0200,
36524,20212021015,C. San juan,Calle San juan,Calle San juan,2025-03-11 11:42:51.000,,36000,1187,1,0,0,98411476717,98411476717,1,2026-06-05 10:12:05.398 +0200,
36528,20212021015,Plaza Mayor,Plaza Mayor,Plaza Mayor,2025-03-11 11:43:25.000,,36000,1192,1,0,0,98411476700,98411476700,1,2026-06-05 10:12:05.398 +0200,
36587,20212021015,C. Emperador,Calle Emperador,Calle Emperador,2025-03-21 11:16:59.000,,36000,1196,1,0,0,98411476759,98411476759,1,2026-06-05 10:12:05.398 +0200,
36555,20212021015,C. Benito Perez Galdos ,Benito Perez Galdos ,Calle Benito Perez Galdos ,2025-03-17 12:29:38.000,,36000,1202,1,0,0,98411476727,98411476727,1,2026-06-05 10:12:05.398 +0200,
36551,20212021015,Forum Evolucion Humana,Forum Evolucion Huma,Forum Evolucion Humana,2025-03-17 12:29:11.000,,36000,1206,1,0,0,98411476775,98411476775,1,2026-06-05 10:12:05.398 +0200,
36556,20212021015,C. Peregrinos Gamonal,C. Peregrinos Gamona,C. Peregrinos Gamonal,2025-03-17 12:29:45.000,,36000,1209,1,0,0,98411476728,98411476728,1,2026-06-05 10:12:05.398 +0200,
36523,20212021015,Albergue Peregrinos,Albergue Peregrinos,Albergue Peregrinos,2025-03-11 11:42:40.000,,36000,1212,1,0,0,98411476726,98411476726,1,2026-06-05 10:12:05.398 +0200,
36557,20212021015,CD San Amaro,CD San Amaro,CD San Amaro,2025-03-17 12:29:50.000,,36000,1218,1,0,0,98411476729,98411476729,1,2026-06-05 10:12:05.398 +0200,
36724,20212021015,CITUR,CITUR,CITUR,2025-04-02 14:06:24.000,,36000,1244,1,0,0,98411476785,98411476785,1,2026-06-05 10:12:05.398 +0200,
36716,20212021015,Arco Santa María exterior,Arco St. María exter,Arco Santa María exterior,2025-04-01 15:08:35.000,,36000,1253,1,0,0,98411476777,98411476777,1,2026-06-05 10:12:05.398 +0200,
36725,20212021015,Arco Santa María interior,Arco St. María inter,Arco Santa María interior,2025-04-02 14:06:32.000,,36000,1259,1,0,0,98411476786,98411476786,1,2026-06-05 10:12:05.398 +0200,
37397,20212021015,Paseo de la isla,Paseo de la isla,"2. Paseo de la isla",2026-04-28 08:00:52.000,,36000,1262,1,0,0,98411476944,98411476944,1,2026-06-05 10:12:05.398 +0200,
36747,20212021015,Teatro principal,Teatro principal,Teatro principal,2025-05-12 13:46:00.000,,36000,1265,1,0,0,98411476808,98411476808,1,2026-06-05 10:12:05.398 +0200,
37468,20212021015,Parking Autocaravanas,Parking Autocaravana,"2. Parking Autocaravanas",2026-04-28 08:00:52.000,,36000,2007,1,0,0,98411476946,98411476946,1,2026-06-05 10:12:05.398 +0200,
37469,20212021015,Plaza San Juan,Plaza San Juan,"2. Plaza San Juan",2026-04-28 08:00:52.000,,36000,2009,1,0,0,98411437580,98411437580,1,2026-06-05 10:12:05.398 +0200,
37470,20212021015,Plaza Santa Teresa,Plaza Santa Teresa,"2. Plaza Santa Teresa",2026-04-28 08:00:52.000,,36000,2010,1,0,0,98411476961,98411476961,1,2026-06-05 10:12:05.398 +0200,
37471,20212021015,Paseo Atapuerca,Paseo Atapuerca,"2. Paseo Atapuerca",2026-04-28 08:00:52.000,,36000,2012,1,0,0,98411476945,98411476945,1,2026-06-05 10:12:05.398 +0200,
37472,20212021015,C. Diego Porcelos,C. Diego Porcelos,"2. C. Diego Porcelos",2026-04-28 08:00:52.000,,36000,2014,1,0,0,98411476960,98411476960,1,2026-06-05 10:12:05.398 +0200,
37473,20212021015,Huerto del Rey,Huerto del Rey,"2. Huerto del Rey",2026-04-28 08:00:52.000,,36000,2015,1,0,0,98411476954,98411476954,1,2026-06-05 10:12:05.398 +0200,
37474,20212021015,Llana de Afuera,Llana de Afuera,"2. Llana de Afuera",2026-04-28 08:00:52.000,,36000,2016,1,0,0,98411437594,98411437594,1,2026-06-05 10:12:05.398 +0200,
37475,20212021015,San Nicolas,San Nicolas,"2. San Nicolas",2026-04-28 08:00:52.000,,36000,2018,1,0,0,98411476952,98411476952,1,2026-06-05 10:12:05.398 +0200,
37476,20212021015,Puente de Santa Maria,Puente de Santa Mari,"2. Puente de Santa Maria",2026-04-28 08:00:52.000,,36000,2019,1,0,0,98411476963,98411476963,1,2026-06-05 10:12:05.398 +0200,
37477,20212021015,P. Espolon - Central,P. Espolon - Central,"2. P. Espolon - Central",2026-04-28 08:00:52.000,,36000,2020,1,0,0,98411476962,98411476962,1,2026-06-05 10:12:05.398 +0200,
37478,20212021015,P. Espolon - Teatro,P. Espolon - Teatro,"2. P. Espolon - Teatro",2026-04-28 08:00:52.000,,36000,2021,1,0,0,98411476958,98411476958,1,2026-06-05 10:12:05.398 +0200,
37479,20212021015,Calle San Lorenzo,Calle San Lorenzo,"2. Calle San Lorenzo",2026-04-28 08:00:52.000,,36000,2022,1,0,0,98411476950,98411476950,1,2026-06-05 10:12:05.398 +0200,
37480,20212021015,El Castillo,El Castillo,"2. El Castillo",2026-04-28 08:00:52.000,,36000,2024,1,0,0,98411476948,98411476948,1,2026-06-05 10:12:05.398 +0200,
37481,20212021015,Monasterio de Las Huelgas,Mon. de Las Huelgas,"2. Monasterio de Las Huelgas",2026-04-28 08:00:52.000,,36000,2025,1,0,0,98411476951,98411476951,1,2026-06-05 10:12:05.398 +0200,
37482,20212021015,Cartuja de Miraflores,Cartuja de Miraflore,"2. Cartuja de Miraflores",2026-04-28 08:00:52.000,,36000,2026,1,0,0,98411476949,98411476949,1,2026-06-05 10:12:05.398 +0200,
37483,20212021015,Estacion Autobuses,Estacion Autobuses,"2. Estacion Autobuses",2026-04-28 08:00:52.000,,36000,2028,1,0,0,98411476947,98411476947,1,2026-06-05 10:12:05.398 +0200,
37484,20212021015,Estacion de Tren,Estacion de Tren,"2. Estacion de Tren",2026-04-28 08:00:52.000,,36000,2029,1,0,0,98411477016,98411477016,1,2026-06-05 10:12:05.398 +0200,
37485,20212021015,Camping,Camping,"2. Camping",2026-04-28 08:00:52.000,,36000,2030,1,0,0,98411476953,98411476953,1,2026-06-05 10:12:05.398 +0200,
37486,20212021015,Paseo de la Quinta,Paseo de la Quinta,"2. Paseo de la Quinta",2026-04-28 08:00:52.000,,36000,2032,1,0,0,98411476959,98411476959,1,2026-06-05 10:12:05.398 +0200,
