autonomous_community,province,municipality,zone_num,zone_name,zone_label,lat,lon
ES-CYL,ES-BU,ES-BU-BU,1,puente_santa_maria,Puente Santa María,42.339650,-3.704050
ES-CYL,ES-BU,ES-BU-BU,2,plaza_rey_san_fernando,Plaza del Rey San Fernando,42.339833,-3.704111
ES-CYL,ES-BU,ES-BU-BU,3,plaza_mayor_sombrereria,Plaza Mayor y Calle Sombrerería,42.341000,-3.701972
ES-CYL,ES-BU,ES-BU-BU,4,calle_san_lorenzo,Calle San Lorenzo,42.342136,-3.701176
ES-CYL,ES-BU,ES-BU-BU,5,paseo_sierra_atapuerca,Paseo Sierra de Atapuerca,42.339542,-3.696354
ES-CYL,ES-BU,ES-BU-BU,6,plaza_san_juan,Plaza San Juan,42.342852,-3.696646
ES-CYL,ES-BU,ES-BU-BU,7,huerto_del_rey,Plaza Huerto del Rey,42.342683,-3.702103
ES-CYL,ES-BU,ES-BU-BU,8,parking_las_torres,Parking Las Torres-Gamonal,42.356453,-3.671944
ES-CYL,ES-BU,ES-BU-BU,9,plaza_santa_teresa,Plaza Santa Teresa,42.340470,-3.695425
